CREATE DATABASE  IF NOT EXISTS `METEO` /*!40100 DEFAULT CHARACTER SET latin1 */;
USE `METEO`;
-- MySQL dump 10.13  Distrib 5.7.26, for Linux (x86_64)
--
-- Host: 127.0.0.1    Database: METEO
-- ------------------------------------------------------
-- Server version	5.7.26-0ubuntu0.18.04.1

/*!40101 SET @OLD_CHARACTER_SET_CLIENT=@@CHARACTER_SET_CLIENT */;
/*!40101 SET @OLD_CHARACTER_SET_RESULTS=@@CHARACTER_SET_RESULTS */;
/*!40101 SET @OLD_COLLATION_CONNECTION=@@COLLATION_CONNECTION */;
/*!40101 SET NAMES utf8 */;
/*!40103 SET @OLD_TIME_ZONE=@@TIME_ZONE */;
/*!40103 SET TIME_ZONE='+00:00' */;
/*!40014 SET @OLD_UNIQUE_CHECKS=@@UNIQUE_CHECKS, UNIQUE_CHECKS=0 */;
/*!40014 SET @OLD_FOREIGN_KEY_CHECKS=@@FOREIGN_KEY_CHECKS, FOREIGN_KEY_CHECKS=0 */;
/*!40101 SET @OLD_SQL_MODE=@@SQL_MODE, SQL_MODE='NO_AUTO_VALUE_ON_ZERO' */;
/*!40111 SET @OLD_SQL_NOTES=@@SQL_NOTES, SQL_NOTES=0 */;

--
-- Table structure for table `ESTACION`
--

DROP TABLE IF EXISTS `ESTACION`;
/*!40101 SET @saved_cs_client     = @@character_set_client */;
/*!40101 SET character_set_client = utf8 */;
CREATE TABLE `ESTACION` (
  `idEstacion` varchar(6) NOT NULL,
  `idProvincia` tinyint(4) NOT NULL,
  `nombre` varchar(50) NOT NULL,
  `latitud` varchar(7) NOT NULL,
  `longitud` varchar(7) NOT NULL,
  `altitud` smallint(6) NOT NULL,
  PRIMARY KEY (`idEstacion`),
  KEY `idProvincia` (`idProvincia`),
  CONSTRAINT `ESTACION_ibfk_1` FOREIGN KEY (`idProvincia`) REFERENCES `PROVINCIA` (`idProvincia`) ON DELETE CASCADE ON UPDATE CASCADE
) ENGINE=InnoDB DEFAULT CHARSET=latin1;
/*!40101 SET character_set_client = @saved_cs_client */;

--
-- Dumping data for table `ESTACION`
--

LOCK TABLES `ESTACION` WRITE;
/*!40000 ALTER TABLE `ESTACION` DISABLE KEYS */;
INSERT INTO `ESTACION` VALUES ('0002I',46,'VANDELLÒS  ','405729N','005217E',32),('0016A',46,'REUS AEROPUERTO','410842N','010949E',71),('0076',9,'BARCELONA AEROPUERTO','411734N','020412E',4),('0149X',9,'MANRESA','414312N','015025E',291),('0200E',9,'BARCELONA, FABRA','412506N','020727E',408),('0201D',9,'BARCELONA','412326N','021200E',6),('0229I',9,'SABADELL AEROPUERTO','413125N','020611E',146),('0252D',9,'ARENYS DE MAR','413515N','023224E',74),('0255B',9,'SANTA SUSANNA','413903N','024149E',40),('0324A',21,'RIPOLL','421129N','021146E',675),('0367',21,'GIRONA AEROPUERTO','415442N','024548E',143),('0370B',21,'GIRONA, ANTIC INSTITUT','415848N','024931E',95),('0372C',21,'PORQUERES','420616N','024549E',157),('1002Y',37,'BAZTAN, IRURITA ','430809N','013235W',183),('1014',20,'HONDARRIBIA, MALKARROA','432125N','014732W',4),('1014A',20,'SAN SEBASTIÁN AEROPUERTO','432125N','014732W',4),('1024E',20,'DONOSTIA/SAN SEBASTIÁN, IGUELDO','431823N','020228W',251),('1037Y',20,'ZUMARRAGA','430448N','021903W',420),('1041A',20,'ZUMAIA','431808N','021504W',28),('1050J',20,'ELGOIBAR','431234N','022448W',119),('1055B',10,'LEKEITIO','432237N','023037W',12),('1057B',10,'MACHICHACO','432714N','024510W',93),('1059X',10,'PUNTA GALEA','432230N','030118W',90),('1078I',10,'GÜEÑES','431212N','030617W',208),('1082',10,'BILBAO AEROPUERTO','431753N','025423W',42),('1083L',14,'CASTRO URDIALES','432341N','031402W',45),('1109',14,'SANTANDER AEROPUERTO','432526N','034932W',3),('1110',14,'SANTANDER, CIUDAD','432754N','034908W',64),('1111',14,'SANTANDER','432928N','034802W',52),('1111X',14,'SANTANDER','432928N','034802W',52),('1159',14,'SAN VICENTE DE LA BARQUERA','432336N','042332W',38),('1183X',6,'LLANES','432513N','044453W',10),('1207U',6,'GIJÓN, CAMPUS','433123N','053716W',26),('1208',6,'GIJÓN','433220N','053815W',3),('1208A',6,'GIJÓN. LA MERCED','433230N','053943W',22),('1208H',6,'GIJÓN, PUERTO','433336N','054203W',5),('1210X',6,'CABO PEÑAS','433921N','055055W',100),('1212E',6,'ASTURIAS AEROPUERTO','433401N','060239W',127),('1221D',6,'PAJARES-VALGRANDE','425843N','054635W',1480),('1249I',6,'OVIEDO','432112N','055227W',336),('1249X',6,'OVIEDO','432112N','055227W',336),('1283U',6,'CABO BUSTO','433409N','062812W',60),('1331A',6,'CASTROPOL','433129N','070153W',40),('1351',1,'ESTACA DE BARES','434710N','074105W',80),('1387',1,'A CORUÑA','432157N','082517W',58),('1387E',1,'A CORUÑA AEROPUERTO','431825N','082219W',98),('1393',1,'CABO VILAN','430938N','091239W',50),('1400',1,'FISTERRA','425529N','091729W',230),('1428',1,'SANTIAGO DE COMPOSTELA AEROPUERTO','425317N','082438W',370),('1437O',1,'MONTE IROITE','424314N','085524W',685),('1473A',1,'PADRÓN','424418N','083738W',100),('1475X',1,'SANTIAGO DE COMPOSTELA','425234N','083321W',240),('1484',40,'PONTEVEDRA, INSTITUTO','422550N','083850W',19),('1484C',40,'PONTEVEDRA','422618N','083657W',108),('1495',40,'VIGO AEROPUERTO','421419N','083726W',261),('1505',32,'LUGO AEROPUERTO','430641N','072727W',445),('1542',6,'PUERTO DE LEITARIEGOS','425939N','062451W',1530),('1549',30,'PONFERRADA','423350N','063600W',534),('1631E',38,'A POBRA DE TRIVES','422022N','071657W',840),('1690A',38,'OURENSE','421931N','075135W',143),('1690B',38,'OURENSE,INSTITUTO','421956N','075152W',148),('1700X',38,'CARBALLIÑO, O','422517N','080533W',400),('1735X',38,'XINZO DE LIMIA','420445N','074401W',616),('2030',44,'SORIA','414630N','022859W',1082),('2117D',11,'ARANDA DE DUERO','413957N','034434W',790),('2150H',42,'LA PINILLA, ESTACIÓN DE ESQUÍ','411131N','032831W',1798),('2235U',39,'CERVERA DE PISUERGA','425214N','043112W',1140),('2298',11,'PALACIOS DE LA SIERRA','415735N','030754W',1080),('2331',11,'BURGOS AEROPUERTO','422125N','033713W',891),('2374X',39,'CARRIÓN DE LOS CONDES','422103N','043702W',830),('2400E',39,'AUTILLA DEL PINO','415944N','043610W',874),('2401',39,'PALENCIA, OBSERVATORIO','420018N','043145W',750),('2422',50,'VALLADOLID','413827N','044516W',735),('2444',7,'ÁVILA','403933N','044048W',1130),('2444C',7,'ÁVILA, AYUNTAMIENTO','403924N','044201W',1143),('2462',33,'PUERTO DE NAVACERRADA','404735N','040038W',1894),('2465',42,'SEGOVIA','405643N','040735W',1005),('2465A',42,'SEGOVIA, INSTITUTO','405648N','040657W',990),('2491C',41,'LA COVATILLA, ESTACIÓN DE ESQUÍ','402118N','054124W',1960),('2503X',50,'OLMEDO','411933N','044113W',740),('2539',50,'VALLADOLID AEROPUERTO','414243N','045120W',846),('2614',51,'ZAMORA','413056N','054407W',656),('2630X',30,'PUERTO DE SAN ISIDRO','430344N','052237W',1510),('2661',30,'LEÓN, VIRGEN DEL CAMINO','423518N','053904W',912),('2661B',30,'LEÓN AEROPUERTO','423558N','053837W',912),('2737E',30,'LAGUNAS DE SOMOZA','422239N','061148W',1020),('2755X',51,'BENAVENTE','420039N','054000W',715),('2775X',51,'VILLARDECIERVOS','415629N','061647W',850),('2811A',7,'NAVARREDONDA DE GREDOS','402102N','050835W',1525),('2867',41,'SALAMANCA AEROPUERTO','405734N','052954W',790),('2870',41,'SALAMANCA','405727N','053944W',775),('2916A',41,'VITIGUDINO','410041N','062616W',769),('2946X',41,'SAELICES EL CHICO','403806N','063600W',680),('3013',23,'MOLINA DE ARAGÓN','405030N','015244W',1062),('3044X',19,'CAÑIZARES','403149N','020900W',928),('3094B',19,'TARANCÓN','400041N','030117W',808),('3100B',33,'ARANJUEZ','400402N','033246W',540),('3110C',33,'BUITRAGO DEL LOZOYA','410025N','033649W',1030),('3111D',33,'SOMOSIERRA','410808N','033449W',1450),('3129',33,'MADRID AEROPUERTO','402800N','033320W',609),('3130C',23,'SIGÜENZA','410511N','023705W',1005),('3168A',23,'GUADALAJARA, INSTITUTO','403805N','031000W',685),('3168C',23,'GUADALAJARA, EL SERRANILLO','403933N','031024W',639),('3168D',23,'GUADALAJARA','403749N','030900W',721),('3175',33,'TORREJÓN DE ARDOZ','402919N','032637W',607),('3191E',33,'COLMENAR VIEJO','404146N','034554W',1004),('3194U',33,'MADRID, CIUDAD UNIVERSITARIA','402706N','034327W',664),('3195',33,'MADRID, RETIRO','402443N','034041W',667),('3196',33,'MADRID, CUATRO VIENTOS','402232N','034710W',690),('3200',33,'GETAFE','401758N','034320W',620),('3259',48,'TOLEDO, LORENZANA','395134N','040132W',540),('3260B',48,'TOLEDO','395305N','040243W',515),('3266A',33,'PUERTO ALTO DEL LEÓN','404223N','040831W',1532),('3298X',48,'SAN PABLO DE LOS MONTES','393249N','042102W',917),('3338',33,'ROBLEDO DE CHAVELA','402540N','041500W',763),('3365A',48,'TALAVERA DE LA REINA','395731N','045149W',372),('3391',7,'SOTILLO DE LA ADRADA','401719N','043527W',630),('3434X',12,'NAVALMORAL DE LA MATA','395645N','053457W',269),('3463X',12,'TRUJILLO','392857N','055115W',503),('3469',12,'CÁCERES, CIUDAD','392833N','062235W',459),('3469A',12,'CÁCERES','392817N','062020W',394),('3519X',12,'PLASENCIA','400235N','060509W',415),('3526X',12,'CORIA','400013N','063327W',313),('3576X',12,'VALENCIA DE ALCÁNTARA','392453N','071352W',444),('4061X',48,'QUINTANAR DE LA ORDEN','393551N','030249W',691),('4067',48,'MADRIDEJOS','392931N','033142W',690),('4090Y',19,'SAN CLEMENTE','392500N','022514W',728),('4103X',17,'TOMELLOSO','391009N','030027W',662),('4121',17,'CIUDAD REAL','385921N','035513W',628),('4121C',17,'CIUDAD REAL, INSTITUTO','385916N','035545W',627),('4147X',17,'VALDEPEÑAS','384502N','032329W',700),('4148',17,'VISO DEL MARQUÉS','383105N','033400W',804),('4220X',17,'PUEBLA DE DON RODRIGO','390519N','043659W',486),('4244X',8,'HERRERA DEL DUQUE','391010N','050344W',447),('4267X',18,'HINOJOSA DEL DUQUE','382955N','050716W',551),('4358X',8,'DON BENITO','385720N','055250W',273),('4386B',8,'LLERENA','381354N','060101W',655),('4410X',8,'MÉRIDA','385457N','062308W',228),('4452',8,'BADAJOZ AEROPUERTO','385300N','064850W',185),('4511C',8,'JEREZ DE LOS CABALLEROS','381755N','064554W',381),('4549Y',24,'AYAMONTE','371141N','072342W',2),('4560Y',24,'ALAJAR','375207N','064030W',572),('4605',24,'HUELVA','371524N','065659W',17),('4642E',24,'HUELVA, RONDA ESTE','371642N','065442W',19),('5000A',16,'CEUTA, MONTE HACHO','355344N','051732W',200),('5000C',16,'CEUTA','355319N','052049W',87),('5038X',27,'CAZORLA','375457N','030014W',782),('5047E',22,'BAZA','373021N','024406W',785),('5051X',22,'HUÉSCAR','375140N','023910W',1092),('5181D',27,'ARROYO DEL OJANCO','381853N','025323W',580),('5192',27,'VILLARRODRIGO','382921N','023815W',862),('5246',27,'SANTA ELENA','382040N','033207W',770),('5270',27,'JAÉN, INSTITUTO','374635N','034720W',510),('5270B',27,'JAÉN','374639N','034832W',580),('5298X',27,'ANDÚJAR','380123N','040350W',202),('5390Y',18,'VILLANUEVA DE CÓRDOBA','381959N','043632W',750),('5402',18,'CÓRDOBA AEROPUERTO','375056N','045048W',90),('5427X',18,'DOÑA MENCÍA','373322N','042114W',650),('5514',22,'GRANADA BASE AÉREA','370814N','033753W',687),('5530E',22,'GRANADA AEROPUERTO','371123N','034722W',567),('5582A',22,'LOJA','370940N','040910W',760),('5612B',43,'LA RODA DE ANDALUCÍA','371140N','044612W',410),('5641X',43,'ÉCIJA','373058N','050506W',130),('5704B',43,'CAZALLA DE LA SIERRA','375535N','054611W',550),('5783',43,'SEVILLA AEROPUERTO','372500N','055245W',34),('5796',43,'MORÓN DE LA FRONTERA','370952N','053641W',87),('5860E',24,'MOGUER, EL ARENOSILLO','370553N','064417W',41),('5910',13,'ROTA, BASE NAVAL','363820N','061957W',21),('5911A',13,'GRAZALEMA','364538N','052227W',913),('5960',13,'JEREZ DE LA FRONTERA AEROPUERTO','364502N','060321W',27),('5972X',13,'SAN FERNANDO','362756N','061220W',28),('5973',13,'CÁDIZ','362959N','061528W',2),('5995B',13,'VEJER DE LA FRONTERA','361444N','055754W',186),('6000A',35,'MELILLA','351635N','025723W',52),('6001',13,'TARIFA','360050N','053556W',32),('6032B',34,'RONDA','364459N','051006W',766),('6058I',34,'ESTEPONA','362501N','050918W',19),('6084X',34,'FUENGIROLA','363219N','043706W',8),('6106X',34,'ANTEQUERA','370146N','044454W',408),('6155A',34,'MÁLAGA AEROPUERTO','363958N','042856W',5),('6156X',34,'MÁLAGA, CENTRO METEOROLÓGICO','364304N','042854W',54),('6172O',34,'MÁLAGA, PUERTO','364300N','042511W',25),('6205X',34,'TORROX','364335N','035726W',3),('6268X',22,'MOTRIL','364322N','033149W',12),('6277B',4,'ADRA','364450N','030114W',8),('6293X',4,'ROQUETAS DE MAR','364113N','024206W',3),('6297',4,'ALMERÍA','364952N','022720W',7),('6302A',4,'ABLA','370829N','024647W',869),('6325O',4,'ALMERÍA AEROPUERTO','365047N','022125W',21),('6332X',4,'CARBONERAS','365849N','015413W',16),('6367B',4,'HUÉRCAL-OVERA','372326N','015637W',300),('6381',4,'ALBORÁN','355618N','030210W',15),('7002Y',36,'ÁGUILAS','372502N','013513W',26),('7012C',36,'CARTAGENA','373604N','005916W',17),('7031',36,'SAN JAVIER AEROPUERTO','374720N','004812W',4),('7031X',36,'SAN JAVIER AEROPUERTO','374642N','004821W',4),('7096B',2,'HELLÍN','383231N','014211W',646),('7119B',36,'CARAVACA DE LA CRUZ','380609N','015238W',643),('7145D',36,'CIEZA','381358N','012250W',265),('7178I',36,'MURCIA','380007N','011015W',61),('7209',36,'LORCA','373917N','014114W',312),('7228',36,'ALCANTARILLA, BASE AÉREA','375728N','011343W',75),('7247X',3,'PINOSO ','382359N','010217W',575),('7275C',36,'YECLA','383606N','010935W',640),('8019',3,'ALICANTE-ELCHE AEROPUERTO','381658N','003415W',43),('8025',3,'ALICANTE/ALACANT','382221N','002939W',81),('8050X',3,'JÁVEA/ XÀBIA','384701N','001004E',15),('8058X',49,'OLIVA','385544N','000545W',5),('8096',19,'CUENCA','400402N','020755W',948),('8175',2,'ALBACETE BASE AÉREA','385715N','015123W',702),('8177A',2,'CHINCHILLA','385609N','013936W',880),('8178D',2,'ALBACETE','390020N','015144W',676),('8293X',49,'XÀTIVA','390006N','003125W',88),('8309X',49,'UTIEL','393432N','011441W',758),('8325X',49,'POLINYÀ DE XÚQUER','391105N','002219W',12),('8368U',47,'TERUEL','402102N','010727W',900),('8414A',49,'VALENCIA AEROPUERTO','392906N','002829W',56),('8416',49,'VALÈNCIA','392850N','002159W',11),('8416Y',49,'VALÈNCIA, VIVEROS','392850N','002159W',11),('8489X',15,'VILLAFRANCA DEL CID/VILLAFRANCA','402600N','001521W',1131),('8500A',15,'CASTELLÓN - ALMASSORA','395726N','000419W',43),('8501',15,'CASTELLÓN DE LA PLANA','395920N','000224W',25),('8523X',15,'VINARÒS','403315N','002547E',111),('9001D',14,'REINOSA','425931N','040938W',870),('9019B',14,'VALDERREDIBLE, POLIENTES   ','424823N','035602W',720),('9051',11,'MEDINA DE POMAR','425512N','032858W',580),('9087',5,'VITORIA AERÓDROMO','425059N','023922W',521),('9091O',5,'FORONDA-TXOKIZA','425255N','024406W',513),('9091R',5,'VITORIA GASTEIZ AEROPUERTO','425219N','024358W',513),('9111',11,'BELORADO','422516N','031013W',820),('9170',28,'LOGROÑO AEROPUERTO','422708N','021952W',353),('9201K',25,'JACA','423444N','003249W',823),('9208E',25,'ARAGÜÉS DEL PUERTO','424232N','004023W',1040),('9244X',52,'SOS DEL REY CATÓLICO','422927N','011249W',626),('9262',37,'PAMPLONA','424904N','013818W',450),('9263D',37,'PAMPLONA AEROPUERTO','424637N','013900W',459),('9263X',37,'ARANGUREN, ILUNDAIN  ','424634N','013157W',572),('9283X',37,'CADREITA','421225N','014241W',268),('9294E',37,'BARDENAS REALES, BASE AÉREA ','421155N','012831W',295),('9381',47,'CALAMOCHA, AERÓDROMO','405154N','011818W',932),('9381I',47,'CALAMOCHA','405534N','011736W',890),('9390',52,'DAROCA','410652N','012436W',779),('9394X',52,'CALATAYUD','411952N','013843W',582),('9434',52,'ZARAGOZA AEROPUERTO','413938N','010015W',249),('9434P',52,'ZARAGOZA, VALDESPARTERA','413715N','005606W',254),('9563X',15,'CASTELLFORT','402955N','001112W',1220),('9569A',47,'CALANDA','405648N','001416W',466),('9573X',47,'ALCAÑIZ','410329N','000830W',334),('9576C',52,'BUJARALOZ','413121N','001028W',357),('9585',21,'LA MOLINA','421957N','015622E',1703),('9619',31,'LA SEU D\'URGELL','422117N','012747E',677),('9698U',31,'TALARN','421219N','005155E',807),('9720X',31,'TÀRREGA','413902N','010858E',388),('9771',31,'LLEIDA, OBSERVATORIO','413702N','003716E',199),('9771C',31,'LLEIDA','413734N','003553E',185),('9784P',25,'BIELSA','423748N','001329E',992),('9814A',25,'TORLA','423736N','000642W',1020),('9898',25,'HUESCA AEROPUERTO','420504N','001932W',546),('9981A',46,'TORTOSA','404913N','002936E',50),('9987P',46,'SANT JAUME D\'ENVEJA','404157N','004836E',1),('9990X',31,'NAUT ARAN, ARTIES ','424201N','005237E',1161),('B013X',26,'ESCORCA, LLUC','394924N','025309E',490),('B228',26,'PALMA, PUERTO','393312N','023731E',3),('B248',26,'SIERRA DE ALFABIA, BUNYOLA','394406N','024247E',1030),('B278',26,'PALMA, AEROPUERTO','393339N','024412E',8),('B346X',26,'PORRERES','393118N','030109E',120),('B434X',26,'PORTOCOLOM  ','392452N','031618E',17),('B569X',26,'CAPDEPERA','394256N','032841E',66),('B691Y',26,'SA POBLA','394457N','030100E',40),('B893',26,'MENORCA, AEROPUERTO','395117N','041256E',91),('B954',26,'IBIZA, AEROPUERTO','385235N','012304E',6),('C029O',29,'LANZAROTE AEROPUERTO','285707N','133601W',14),('C129Z',45,'TAZACORTE','283545N','175455W',62),('C139E',45,'LA PALMA AEROPUERTO','283759N','174518W',33),('C229J',29,'PÁJARA','280257N','142129W',15),('C249I',29,'FUERTEVENTURA AEROPUERTO','282641N','135147W',25),('C329Z',45,'SAN SEBASTIÁN DE LA GOMERA','280523N','170641W',15),('C429I',45,'TENERIFE SUR AEROPUERTO','280249N','163340W',64),('C430E',45,'IZAÑA','281832N','162958W',2371),('C439J',45,'GÜÍMAR','281906N','162256W',115),('C447A',45,'TENERIFE NORTE AEROPUERTO','282839N','161946W',632),('C449C',45,'STA.CRUZ DE TENERIFE','282748N','161519W',35),('C459Z',45,'PUERTO DE LA CRUZ','282505N','163253W',25),('C619I',29,'LA ALDEA DE SAN NICOLÁS','280003N','154850W',10),('C629X',29,'MOGÁN, PUERTO','274859N','154551W',10),('C649I',29,'GRAN CANARIA AEROPUERTO','275504N','152343W',32),('C659H',29,'LAS PALMAS DE GRAN CANARIA, SAN CRISTOBAL','280523N','152458W',55),('C659M',29,'LAS PALMAS DE GRAN CANARIA, PL. DE LA FERIA','280647N','152517W',15),('C689E',29,'MASPALOMAS','274409N','153545W',6),('C839I',29,'TEGUISE','291355N','133007W',10),('C929I',45,'HIERRO AEROPUERTO','274908N','175320W',32);
/*!40000 ALTER TABLE `ESTACION` ENABLE KEYS */;
UNLOCK TABLES;

--
-- Table structure for table `MEDICION`
--

DROP TABLE IF EXISTS `MEDICION`;
/*!40101 SET @saved_cs_client     = @@character_set_client */;
/*!40101 SET character_set_client = utf8 */;
CREATE TABLE `MEDICION` (
  `idEstacion` varchar(6) NOT NULL,
  `fechaHora` timestamp NOT NULL DEFAULT CURRENT_TIMESTAMP ON UPDATE CURRENT_TIMESTAMP,
  `vientoVelocidadMaxima` decimal(4,1) DEFAULT NULL,
  `vientoVelocidadMedia` decimal(4,1) DEFAULT NULL,
  `vientoDireccion` decimal(4,1) DEFAULT NULL,
  `precipitacion` decimal(5,1) DEFAULT NULL,
  `humedadRelativa` decimal(5,1) DEFAULT NULL,
  `presionBarometrica` decimal(5,1) DEFAULT NULL,
  `insolacion` decimal(4,1) DEFAULT NULL,
  `temperaturaMaxima` decimal(4,1) DEFAULT NULL,
  `temperaturaMedia` decimal(4,1) DEFAULT NULL,
  `temperaturaMinima` decimal(4,1) DEFAULT NULL,
  `nieveGrosor` decimal(5,1) DEFAULT NULL,
  PRIMARY KEY (`idEstacion`,`fechaHora`),
  CONSTRAINT `MEDICION_ibfk_1` FOREIGN KEY (`idEstacion`) REFERENCES `ESTACION` (`idEstacion`) ON DELETE CASCADE ON UPDATE CASCADE
) ENGINE=InnoDB DEFAULT CHARSET=latin1;
/*!40101 SET character_set_client = @saved_cs_client */;

--
-- Dumping data for table `MEDICION`
--

LOCK TABLES `MEDICION` WRITE;
/*!40000 ALTER TABLE `MEDICION` DISABLE KEYS */;
INSERT INTO `MEDICION` VALUES ('1210X','2019-04-08 15:00:00',6.6,3.6,92.0,0.5,85.0,NULL,NULL,NULL,NULL,NULL,NULL),('1210X','2019-04-08 16:00:00',16.2,5.7,102.0,0.0,86.0,NULL,NULL,NULL,NULL,NULL,NULL),('1210X','2019-04-08 17:00:00',11.1,6.4,104.0,0.0,91.0,NULL,NULL,NULL,NULL,NULL,NULL),('1210X','2019-04-08 18:00:00',13.1,8.6,122.0,0.0,90.0,NULL,NULL,NULL,NULL,NULL,NULL),('1210X','2019-04-08 19:00:00',10.9,1.3,121.0,0.0,87.0,NULL,NULL,NULL,NULL,NULL,NULL),('1210X','2019-04-08 20:00:00',5.9,3.9,109.0,0.0,86.0,NULL,NULL,NULL,NULL,NULL,NULL),('1210X','2019-04-08 21:00:00',6.3,4.5,124.0,0.0,88.0,NULL,NULL,NULL,NULL,NULL,NULL),('1210X','2019-04-08 22:00:00',6.2,3.1,239.0,0.0,90.0,NULL,NULL,NULL,NULL,NULL,NULL),('1210X','2019-04-08 23:00:00',5.6,2.0,200.0,0.1,91.0,NULL,NULL,NULL,NULL,NULL,NULL),('1210X','2019-04-09 00:00:00',2.5,0.6,134.0,0.0,83.0,NULL,NULL,NULL,NULL,NULL,NULL),('1210X','2019-04-09 01:00:00',3.2,0.6,150.0,0.0,86.0,NULL,NULL,NULL,NULL,NULL,NULL),('1210X','2019-04-09 02:00:00',2.5,0.6,80.0,0.1,82.0,NULL,NULL,NULL,NULL,NULL,NULL),('1210X','2019-04-09 03:00:00',3.3,1.0,325.0,0.2,87.0,NULL,NULL,NULL,NULL,NULL,NULL),('1210X','2019-04-09 04:00:00',2.3,0.8,93.0,0.1,87.0,NULL,NULL,NULL,NULL,NULL,NULL),('1210X','2019-04-09 05:00:00',5.5,1.5,193.0,0.3,90.0,NULL,NULL,NULL,NULL,NULL,NULL),('1210X','2019-04-09 06:00:00',4.8,2.8,224.0,0.0,91.0,NULL,NULL,NULL,NULL,NULL,NULL),('1210X','2019-04-09 07:00:00',6.2,1.8,257.0,0.0,86.0,NULL,NULL,NULL,NULL,NULL,NULL),('1210X','2019-04-09 08:00:00',4.4,2.2,246.0,0.0,84.0,NULL,NULL,NULL,NULL,NULL,NULL),('1210X','2019-04-09 09:00:00',4.5,2.3,258.0,0.0,73.0,NULL,NULL,NULL,NULL,NULL,NULL),('1210X','2019-04-09 10:00:00',4.2,1.6,283.0,0.0,72.0,NULL,NULL,NULL,NULL,NULL,NULL),('1210X','2019-04-09 11:00:00',3.8,1.3,269.0,0.0,63.0,NULL,NULL,NULL,NULL,NULL,NULL),('1210X','2019-04-09 12:00:00',4.2,1.8,321.0,0.0,61.0,NULL,NULL,NULL,NULL,NULL,NULL),('1210X','2019-04-09 13:00:00',4.5,1.1,306.0,0.0,66.0,NULL,NULL,NULL,NULL,NULL,NULL),('1210X','2019-04-09 14:00:00',7.1,2.9,251.0,0.0,66.0,NULL,NULL,NULL,NULL,NULL,NULL),('1210X','2019-04-09 15:00:00',12.7,5.0,283.0,0.0,87.0,NULL,NULL,NULL,NULL,NULL,NULL),('1210X','2019-04-09 16:00:00',7.4,1.2,142.0,0.1,85.0,NULL,NULL,NULL,NULL,NULL,NULL),('1210X','2019-04-09 17:00:00',8.4,5.6,223.0,0.0,72.0,NULL,NULL,NULL,NULL,NULL,NULL),('1210X','2019-04-09 18:00:00',15.0,4.2,221.0,0.2,85.0,NULL,NULL,NULL,NULL,NULL,NULL),('1210X','2019-04-09 19:00:00',10.5,5.8,236.0,0.0,83.0,NULL,NULL,NULL,NULL,NULL,NULL),('1210X','2019-04-09 20:00:00',9.8,4.6,258.0,0.0,88.0,NULL,NULL,NULL,NULL,NULL,NULL),('1210X','2019-04-09 21:00:00',10.5,5.2,235.0,0.0,82.0,NULL,NULL,NULL,NULL,NULL,NULL),('1210X','2019-04-09 22:00:00',9.0,4.9,241.0,0.1,82.0,NULL,NULL,NULL,NULL,NULL,NULL),('1210X','2019-04-09 23:00:00',13.3,7.0,228.0,1.2,87.0,NULL,NULL,NULL,NULL,NULL,NULL),('1210X','2019-04-10 00:00:00',12.5,5.9,207.0,1.2,92.0,NULL,NULL,NULL,NULL,NULL,NULL),('1210X','2019-04-10 01:00:00',20.8,8.4,218.0,1.5,91.0,NULL,NULL,NULL,NULL,NULL,NULL),('1210X','2019-04-10 02:00:00',14.3,7.7,225.0,0.9,94.0,NULL,NULL,NULL,NULL,NULL,NULL),('1210X','2019-04-10 03:00:00',13.0,7.5,245.0,1.3,93.0,NULL,NULL,NULL,NULL,NULL,NULL),('1210X','2019-04-10 04:00:00',10.7,5.8,225.0,1.1,94.0,NULL,NULL,NULL,NULL,NULL,NULL),('1210X','2019-04-10 05:00:00',15.7,9.6,317.0,0.4,94.0,NULL,NULL,NULL,NULL,NULL,NULL),('1210X','2019-04-10 06:00:00',16.3,9.3,319.0,0.1,91.0,NULL,NULL,NULL,NULL,NULL,NULL),('1210X','2019-04-10 07:00:00',13.8,1.1,147.0,0.0,92.0,NULL,NULL,NULL,NULL,NULL,NULL),('1210X','2019-04-10 08:00:00',5.6,1.8,176.0,0.0,91.0,NULL,NULL,NULL,NULL,NULL,NULL),('1210X','2019-04-10 09:00:00',6.9,1.6,173.0,0.0,89.0,NULL,NULL,NULL,NULL,NULL,NULL),('1210X','2019-04-10 10:00:00',5.3,1.7,173.0,0.0,87.0,NULL,NULL,NULL,NULL,NULL,NULL),('1210X','2019-04-10 11:00:00',5.1,1.0,170.0,0.0,83.0,NULL,NULL,NULL,NULL,NULL,NULL),('1210X','2019-04-10 12:00:00',3.7,1.1,147.0,0.0,81.0,NULL,NULL,NULL,NULL,NULL,NULL),('1210X','2019-04-10 13:00:00',5.0,0.3,3.0,0.0,83.0,NULL,NULL,NULL,NULL,NULL,NULL),('1210X','2019-04-10 14:00:00',5.3,2.5,323.0,0.0,84.0,NULL,NULL,NULL,NULL,NULL,NULL),('1210X','2019-04-10 15:00:00',4.9,2.4,323.0,0.0,85.0,NULL,NULL,NULL,NULL,NULL,NULL),('1210X','2019-04-10 16:00:00',4.8,2.5,319.0,0.0,86.0,NULL,NULL,NULL,NULL,NULL,NULL),('1210X','2019-04-10 17:00:00',5.1,2.4,309.0,0.0,88.0,NULL,NULL,NULL,NULL,NULL,NULL),('1210X','2019-04-10 18:00:00',6.3,3.5,337.0,0.0,89.0,NULL,NULL,NULL,NULL,NULL,NULL),('1210X','2019-04-10 19:00:00',6.1,3.6,330.0,0.0,88.0,NULL,NULL,NULL,NULL,NULL,NULL),('1210X','2019-04-10 20:00:00',5.0,2.6,320.0,0.0,88.0,NULL,NULL,NULL,NULL,NULL,NULL),('1210X','2019-04-10 21:00:00',6.0,3.1,320.0,0.0,89.0,NULL,NULL,NULL,NULL,NULL,NULL),('1210X','2019-04-10 22:00:00',5.1,2.7,320.0,0.0,88.0,NULL,NULL,NULL,NULL,NULL,NULL),('1210X','2019-04-10 23:00:00',4.8,2.7,236.0,0.0,92.0,NULL,NULL,NULL,NULL,NULL,NULL),('1210X','2019-04-11 00:00:00',4.9,3.4,236.0,0.0,92.0,NULL,NULL,NULL,NULL,NULL,NULL),('1210X','2019-04-11 01:00:00',4.6,3.0,243.0,0.0,92.0,NULL,NULL,NULL,NULL,NULL,NULL),('1210X','2019-04-11 02:00:00',5.0,3.4,236.0,0.0,92.0,NULL,NULL,NULL,NULL,NULL,NULL),('1210X','2019-04-11 03:00:00',6.1,4.1,236.0,0.0,92.0,NULL,NULL,NULL,NULL,NULL,NULL),('1210X','2019-04-11 04:00:00',6.0,3.9,233.0,0.0,92.0,NULL,NULL,NULL,NULL,NULL,NULL),('1210X','2019-04-11 05:00:00',6.1,4.3,234.0,0.0,92.0,NULL,NULL,NULL,NULL,NULL,NULL),('1210X','2019-04-11 06:00:00',6.3,3.9,241.0,0.0,91.0,NULL,NULL,NULL,NULL,NULL,NULL),('1210X','2019-04-11 07:00:00',6.7,3.9,259.0,0.0,91.0,NULL,NULL,NULL,NULL,NULL,NULL),('1210X','2019-04-11 08:00:00',8.1,4.2,278.0,0.0,91.0,NULL,NULL,NULL,NULL,NULL,NULL),('1210X','2019-04-11 09:00:00',8.3,4.5,282.0,0.0,91.0,NULL,NULL,NULL,NULL,NULL,NULL),('1210X','2019-04-11 10:00:00',9.5,3.9,303.0,0.1,88.0,NULL,NULL,NULL,NULL,NULL,NULL),('1210X','2019-04-11 11:00:00',8.6,2.7,295.0,1.0,92.0,NULL,NULL,NULL,NULL,NULL,NULL),('1210X','2019-04-11 15:00:00',4.9,2.2,322.0,0.0,91.0,NULL,NULL,NULL,NULL,NULL,NULL),('1210X','2019-04-11 16:00:00',3.1,0.8,112.0,0.0,90.0,NULL,NULL,NULL,NULL,NULL,NULL),('1210X','2019-04-11 17:00:00',1.6,0.2,113.0,0.0,90.0,NULL,NULL,NULL,NULL,NULL,NULL),('1210X','2019-04-11 18:00:00',1.2,0.3,96.0,0.0,90.0,NULL,NULL,NULL,NULL,NULL,NULL),('1210X','2019-04-11 19:00:00',1.0,0.3,128.0,0.0,90.0,NULL,NULL,NULL,NULL,NULL,NULL),('1210X','2019-04-11 20:00:00',1.1,0.2,106.0,0.0,90.0,NULL,NULL,NULL,NULL,NULL,NULL),('1210X','2019-04-11 21:00:00',2.0,1.4,117.0,0.0,91.0,NULL,NULL,NULL,NULL,NULL,NULL),('1210X','2019-04-11 22:00:00',2.7,1.9,127.0,0.0,92.0,NULL,NULL,NULL,NULL,NULL,NULL),('1210X','2019-04-11 23:00:00',3.0,1.6,143.0,0.0,92.0,NULL,NULL,NULL,NULL,NULL,NULL),('1210X','2019-04-12 00:00:00',2.2,1.1,115.0,0.0,92.0,NULL,NULL,NULL,NULL,NULL,NULL),('1210X','2019-04-12 01:00:00',2.5,1.0,189.0,0.0,92.0,NULL,NULL,NULL,NULL,NULL,NULL),('1210X','2019-04-12 02:00:00',3.1,1.5,148.0,0.0,92.0,NULL,NULL,NULL,NULL,NULL,NULL),('1210X','2019-04-12 03:00:00',3.6,2.0,144.0,0.0,92.0,NULL,NULL,NULL,NULL,NULL,NULL),('1210X','2019-04-12 04:00:00',3.6,2.0,145.0,0.0,92.0,NULL,NULL,NULL,NULL,NULL,NULL),('1210X','2019-04-12 05:00:00',6.1,4.4,124.0,0.0,91.0,NULL,NULL,NULL,NULL,NULL,NULL),('1210X','2019-04-12 06:00:00',5.8,3.8,118.0,0.0,90.0,NULL,NULL,NULL,NULL,NULL,NULL),('1210X','2019-04-12 07:00:00',5.4,3.6,111.0,0.0,89.0,NULL,NULL,NULL,NULL,NULL,NULL),('1210X','2019-04-12 08:00:00',6.3,2.8,96.0,0.0,89.0,NULL,NULL,NULL,NULL,NULL,NULL),('1210X','2019-04-12 09:00:00',6.9,4.6,90.0,0.0,87.0,NULL,NULL,NULL,NULL,NULL,NULL),('1210X','2019-04-12 10:00:00',8.4,5.7,88.0,0.0,86.0,NULL,NULL,NULL,NULL,NULL,NULL),('1210X','2019-04-12 11:00:00',10.1,6.7,88.0,0.0,86.0,NULL,NULL,NULL,NULL,NULL,NULL),('1210X','2019-04-12 12:00:00',9.2,6.5,90.0,0.0,84.0,NULL,NULL,NULL,NULL,NULL,NULL),('1210X','2019-04-12 13:00:00',10.2,7.2,93.0,0.0,84.0,NULL,NULL,NULL,NULL,NULL,NULL),('1210X','2019-04-12 14:00:00',10.3,7.1,92.0,0.0,87.0,NULL,NULL,NULL,NULL,NULL,NULL),('1210X','2019-04-12 15:00:00',9.9,7.4,96.0,0.0,87.0,NULL,NULL,NULL,NULL,NULL,NULL),('1210X','2019-04-12 16:00:00',11.1,7.8,97.0,0.0,87.0,NULL,NULL,NULL,NULL,NULL,NULL),('1210X','2019-04-14 13:00:00',7.4,5.0,117.0,0.0,85.0,NULL,NULL,NULL,NULL,NULL,NULL),('1210X','2019-04-14 14:00:00',7.5,5.9,119.0,0.0,86.0,NULL,NULL,NULL,NULL,NULL,NULL),('1210X','2019-04-14 15:00:00',8.8,6.3,118.0,0.0,84.0,NULL,NULL,NULL,NULL,NULL,NULL),('1210X','2019-04-14 16:00:00',9.3,6.1,121.0,0.0,88.0,NULL,NULL,NULL,NULL,NULL,NULL),('1210X','2019-04-14 17:00:00',8.7,6.7,117.0,0.0,90.0,NULL,NULL,NULL,NULL,NULL,NULL),('1210X','2019-04-14 18:00:00',9.9,7.0,117.0,0.0,92.0,NULL,NULL,NULL,NULL,NULL,NULL),('1210X','2019-04-14 19:00:00',10.7,8.0,117.0,0.0,92.0,NULL,NULL,NULL,NULL,NULL,NULL),('1210X','2019-04-14 20:00:00',11.9,8.6,115.0,0.0,92.0,NULL,NULL,NULL,NULL,NULL,NULL),('1210X','2019-04-14 21:00:00',12.7,8.1,116.0,0.0,92.0,NULL,NULL,NULL,NULL,NULL,NULL),('1210X','2019-04-14 22:00:00',11.3,6.4,120.0,0.0,92.0,NULL,NULL,NULL,NULL,NULL,NULL),('1210X','2019-04-14 23:00:00',7.9,4.1,114.0,0.0,92.0,NULL,NULL,NULL,NULL,NULL,NULL),('1210X','2019-04-15 00:00:00',7.1,4.9,111.0,0.0,94.0,NULL,NULL,NULL,NULL,NULL,NULL),('1210X','2019-04-15 01:00:00',6.8,4.6,114.0,0.0,94.0,NULL,NULL,NULL,NULL,NULL,NULL),('1210X','2019-04-15 02:00:00',5.9,3.9,123.0,0.0,95.0,NULL,NULL,NULL,NULL,NULL,NULL),('1210X','2019-04-15 03:00:00',5.0,3.8,127.0,0.0,94.0,NULL,NULL,NULL,NULL,NULL,NULL),('1210X','2019-04-15 04:00:00',6.0,4.6,134.0,0.0,94.0,NULL,NULL,NULL,NULL,NULL,NULL),('1210X','2019-04-15 05:00:00',6.3,3.9,124.0,0.0,92.0,NULL,NULL,NULL,NULL,NULL,NULL),('1210X','2019-04-15 06:00:00',7.3,4.4,124.0,0.0,90.0,NULL,NULL,NULL,NULL,NULL,NULL),('1210X','2019-04-15 07:00:00',15.1,6.5,298.0,0.0,89.0,NULL,NULL,NULL,NULL,NULL,NULL),('1210X','2019-04-15 08:00:00',11.8,3.7,297.0,1.7,92.0,NULL,NULL,NULL,NULL,NULL,NULL),('1210X','2019-04-15 09:00:00',7.5,4.5,316.0,1.5,92.0,NULL,NULL,NULL,NULL,NULL,NULL),('1210X','2019-04-15 10:00:00',13.1,6.6,321.0,0.0,91.0,NULL,NULL,NULL,NULL,NULL,NULL),('1210X','2019-04-15 11:00:00',13.8,6.6,321.0,0.0,87.0,NULL,NULL,NULL,NULL,NULL,NULL),('1210X','2019-04-15 12:00:00',17.8,7.3,324.0,0.4,87.0,NULL,NULL,NULL,NULL,NULL,NULL),('1210X','2019-04-15 13:00:00',17.2,8.7,318.0,0.6,92.0,NULL,NULL,NULL,NULL,NULL,NULL),('1210X','2019-04-15 14:00:00',18.3,11.0,319.0,0.0,90.0,NULL,NULL,NULL,NULL,NULL,NULL),('1210X','2019-04-15 15:00:00',16.6,7.9,320.0,0.0,91.0,NULL,NULL,NULL,NULL,NULL,NULL),('1210X','2019-04-28 17:00:00',14.5,10.0,93.0,0.0,87.0,NULL,NULL,NULL,NULL,NULL,NULL),('1210X','2019-04-28 18:00:00',14.4,9.1,98.0,0.0,88.0,NULL,NULL,NULL,NULL,NULL,NULL),('1210X','2019-04-28 19:00:00',14.6,9.9,97.0,0.0,90.0,NULL,NULL,NULL,NULL,NULL,NULL),('1210X','2019-04-28 20:00:00',14.3,9.7,97.0,0.0,90.0,NULL,NULL,NULL,NULL,NULL,NULL),('1210X','2019-04-28 21:00:00',14.2,10.2,95.0,0.0,91.0,NULL,NULL,NULL,NULL,NULL,NULL),('1210X','2019-04-28 22:00:00',14.6,9.4,95.0,0.0,91.0,NULL,NULL,NULL,NULL,NULL,NULL),('1210X','2019-04-28 23:00:00',14.9,10.0,96.0,0.0,91.0,NULL,NULL,NULL,NULL,NULL,NULL),('1210X','2019-04-29 00:00:00',14.1,8.0,104.0,0.0,92.0,NULL,NULL,NULL,NULL,NULL,NULL),('1210X','2019-04-29 01:00:00',11.9,8.2,103.0,0.0,92.0,NULL,NULL,NULL,NULL,NULL,NULL),('1210X','2019-04-29 02:00:00',13.0,8.0,97.0,0.0,92.0,NULL,NULL,NULL,NULL,NULL,NULL),('1210X','2019-04-29 03:00:00',12.3,6.9,108.0,0.0,92.0,NULL,NULL,NULL,NULL,NULL,NULL),('1210X','2019-04-29 04:00:00',11.1,7.5,105.0,0.0,92.0,NULL,NULL,NULL,NULL,NULL,NULL),('1210X','2019-04-29 05:00:00',12.4,7.8,106.0,0.0,91.0,NULL,NULL,NULL,NULL,NULL,NULL),('1210X','2019-04-29 06:00:00',12.8,8.1,104.0,0.0,90.0,NULL,NULL,NULL,NULL,NULL,NULL),('1210X','2019-04-29 07:00:00',14.4,9.5,94.0,0.0,87.0,NULL,NULL,NULL,NULL,NULL,NULL),('1210X','2019-04-29 08:00:00',13.7,9.9,94.0,0.0,86.0,NULL,NULL,NULL,NULL,NULL,NULL),('1210X','2019-04-29 09:00:00',14.3,10.2,95.0,0.0,83.0,NULL,NULL,NULL,NULL,NULL,NULL),('1210X','2019-04-29 10:00:00',13.2,9.4,90.0,0.0,87.0,NULL,NULL,NULL,NULL,NULL,NULL),('1210X','2019-04-29 11:00:00',13.7,9.1,92.0,0.0,86.0,NULL,NULL,NULL,NULL,NULL,NULL),('1210X','2019-04-29 12:00:00',13.7,9.9,91.0,0.0,84.0,NULL,NULL,NULL,NULL,NULL,NULL),('1210X','2019-04-29 13:00:00',13.9,9.5,91.0,0.0,84.0,NULL,NULL,NULL,NULL,NULL,NULL),('1210X','2019-04-29 14:00:00',13.6,9.5,92.0,0.0,86.0,NULL,NULL,NULL,NULL,NULL,NULL),('1210X','2019-04-29 15:00:00',14.5,9.7,93.0,0.0,89.0,NULL,NULL,NULL,NULL,NULL,NULL),('1210X','2019-04-29 16:00:00',14.4,8.7,97.0,0.0,90.0,NULL,NULL,NULL,NULL,NULL,NULL),('1210X','2019-05-01 14:00:00',5.7,2.2,324.0,0.0,81.0,NULL,NULL,NULL,NULL,NULL,NULL),('1210X','2019-05-01 15:00:00',6.2,0.6,344.0,0.0,81.0,NULL,NULL,NULL,NULL,NULL,NULL),('1210X','2019-05-01 16:00:00',5.3,0.2,246.0,0.0,82.0,NULL,NULL,NULL,NULL,NULL,NULL),('1210X','2019-05-01 17:00:00',4.7,0.9,144.0,0.0,82.0,NULL,NULL,NULL,NULL,NULL,NULL),('1210X','2019-05-01 18:00:00',2.2,0.7,336.0,0.0,85.0,NULL,NULL,NULL,NULL,NULL,NULL),('1210X','2019-05-01 19:00:00',1.7,0.0,0.0,0.0,86.0,NULL,NULL,NULL,NULL,NULL,NULL),('1210X','2019-05-01 20:00:00',1.0,0.4,193.0,0.0,85.0,NULL,NULL,NULL,NULL,NULL,NULL),('1210X','2019-05-01 21:00:00',1.8,1.0,181.0,0.0,87.0,NULL,NULL,NULL,NULL,NULL,NULL),('1210X','2019-05-01 22:00:00',2.5,0.9,188.0,0.0,87.0,NULL,NULL,NULL,NULL,NULL,NULL),('1210X','2019-05-01 23:00:00',2.8,1.8,198.0,0.0,87.0,NULL,NULL,NULL,NULL,NULL,NULL),('1210X','2019-05-02 00:00:00',3.0,1.9,202.0,0.0,87.0,NULL,NULL,NULL,NULL,NULL,NULL),('1210X','2019-05-02 01:00:00',2.1,1.3,216.0,0.0,83.0,NULL,NULL,NULL,NULL,NULL,NULL),('1210X','2019-05-02 02:00:00',3.4,2.5,252.0,0.0,90.0,NULL,NULL,NULL,NULL,NULL,NULL),('1210X','2019-05-02 03:00:00',3.4,1.4,193.0,0.0,91.0,NULL,NULL,NULL,NULL,NULL,NULL),('1210X','2019-05-02 04:00:00',2.6,0.9,67.0,0.0,91.0,NULL,NULL,NULL,NULL,NULL,NULL),('1210X','2019-05-02 05:00:00',2.7,0.4,123.0,0.2,91.0,NULL,NULL,NULL,NULL,NULL,NULL),('1210X','2019-05-02 06:00:00',6.4,1.6,79.0,1.0,91.0,NULL,NULL,NULL,NULL,NULL,NULL),('1210X','2019-05-02 07:00:00',8.7,3.1,110.0,0.0,88.0,NULL,NULL,NULL,NULL,NULL,NULL),('1210X','2019-05-02 08:00:00',7.5,3.4,108.0,0.0,87.0,NULL,NULL,NULL,NULL,NULL,NULL),('1210X','2019-05-02 09:00:00',7.0,3.2,114.0,0.0,83.0,NULL,NULL,NULL,NULL,NULL,NULL),('1210X','2019-05-02 10:00:00',5.9,2.8,113.0,0.0,83.0,NULL,NULL,NULL,NULL,NULL,NULL),('1210X','2019-05-02 11:00:00',7.1,2.5,109.0,0.0,83.0,NULL,NULL,NULL,NULL,NULL,NULL),('1210X','2019-05-02 12:00:00',6.8,2.3,103.0,0.0,82.0,NULL,NULL,NULL,NULL,NULL,NULL),('1210X','2019-05-02 13:00:00',8.1,2.3,108.0,0.0,81.0,NULL,NULL,NULL,NULL,NULL,NULL),('1210X','2019-05-02 14:00:00',7.0,1.8,104.0,0.0,81.0,NULL,NULL,NULL,NULL,NULL,NULL),('1210X','2019-05-16 14:00:00',17.0,7.1,319.0,0.0,86.0,NULL,NULL,NULL,NULL,NULL,NULL),('1210X','2019-05-16 15:00:00',16.3,4.6,300.0,0.3,91.0,NULL,NULL,NULL,NULL,NULL,NULL),('1210X','2019-05-16 16:00:00',12.0,6.4,286.0,0.0,91.0,NULL,NULL,NULL,NULL,NULL,NULL),('1210X','2019-05-16 17:00:00',13.9,7.3,277.0,0.1,91.0,NULL,NULL,NULL,NULL,NULL,NULL),('1210X','2019-05-16 18:00:00',13.8,5.8,288.0,1.0,92.0,NULL,NULL,NULL,NULL,NULL,NULL),('1210X','2019-05-16 19:00:00',13.5,8.8,263.0,0.3,92.0,NULL,NULL,NULL,NULL,NULL,NULL),('1210X','2019-05-16 20:00:00',18.3,8.2,257.0,0.1,92.0,NULL,NULL,NULL,NULL,NULL,NULL),('1210X','2019-05-16 21:00:00',18.4,12.0,263.0,0.0,92.0,NULL,NULL,NULL,NULL,NULL,NULL),('1210X','2019-05-16 22:00:00',21.2,9.0,314.0,0.7,94.0,NULL,NULL,NULL,NULL,NULL,NULL),('1210X','2019-05-16 23:00:00',25.2,9.9,315.0,2.1,91.0,NULL,NULL,NULL,NULL,NULL,NULL),('1210X','2019-05-17 00:00:00',23.0,10.5,320.0,0.6,91.0,NULL,NULL,NULL,NULL,NULL,NULL),('1210X','2019-05-17 01:00:00',20.5,10.2,319.0,1.1,92.0,NULL,NULL,NULL,NULL,NULL,NULL),('1210X','2019-05-17 02:00:00',17.7,8.3,319.0,0.1,88.0,NULL,NULL,NULL,NULL,NULL,NULL),('1210X','2019-05-17 03:00:00',15.8,8.4,319.0,0.1,84.0,NULL,NULL,NULL,NULL,NULL,NULL),('1210X','2019-05-17 04:00:00',14.5,8.6,320.0,0.0,89.0,NULL,NULL,NULL,NULL,NULL,NULL),('1210X','2019-05-17 05:00:00',14.3,7.7,318.0,0.0,90.0,NULL,NULL,NULL,NULL,NULL,NULL),('1210X','2019-05-17 06:00:00',15.2,7.0,319.0,0.0,90.0,NULL,NULL,NULL,NULL,NULL,NULL),('1210X','2019-05-17 07:00:00',11.2,3.8,315.0,0.0,87.0,NULL,NULL,NULL,NULL,NULL,NULL),('1210X','2019-05-17 08:00:00',16.0,8.0,318.0,1.0,91.0,NULL,NULL,NULL,NULL,NULL,NULL),('1210X','2019-05-17 09:00:00',12.3,5.1,323.0,0.1,90.0,NULL,NULL,NULL,NULL,NULL,NULL),('1210X','2019-05-17 10:00:00',12.5,6.1,318.0,0.0,88.0,NULL,NULL,NULL,NULL,NULL,NULL),('1210X','2019-05-17 11:00:00',14.7,6.3,319.0,0.0,87.0,NULL,NULL,NULL,NULL,NULL,NULL),('1210X','2019-05-17 12:00:00',14.1,4.6,302.0,0.0,88.0,NULL,NULL,NULL,NULL,NULL,NULL),('1210X','2019-05-17 13:00:00',14.0,4.7,302.0,1.2,86.0,NULL,NULL,NULL,NULL,NULL,NULL),('1351','2019-04-08 14:00:00',24.0,12.3,258.0,0.0,50.0,997.3,56.0,16.0,15.8,15.0,NULL),('1351','2019-04-08 15:00:00',21.9,15.6,249.0,0.0,44.0,996.9,58.0,15.8,15.2,14.9,NULL),('1351','2019-04-08 16:00:00',21.4,10.8,231.0,0.0,51.0,997.1,44.0,15.2,13.3,13.3,NULL),('1351','2019-04-08 17:00:00',17.8,7.1,233.0,0.0,57.0,997.3,3.0,13.3,12.6,12.6,NULL),('1351','2019-04-08 18:00:00',15.5,9.4,235.0,0.2,68.0,997.6,0.0,12.6,11.2,11.2,NULL),('1351','2019-04-08 19:00:00',17.8,9.4,223.0,0.6,74.0,997.3,0.0,11.2,10.2,10.1,NULL),('1351','2019-04-08 20:00:00',15.8,7.8,212.0,0.0,70.0,997.1,0.0,10.3,9.7,9.7,NULL),('1351','2019-04-08 21:00:00',13.8,7.3,222.0,0.0,69.0,997.0,0.0,10.1,9.9,9.7,NULL),('1351','2019-04-08 22:00:00',12.6,8.5,236.0,0.0,69.0,996.5,0.0,10.5,10.5,9.8,NULL),('1351','2019-04-08 23:00:00',13.9,7.2,260.0,0.4,78.0,997.1,0.0,10.6,10.0,10.0,NULL),('1351','2019-04-09 00:00:00',6.4,3.1,220.0,0.4,78.0,996.8,0.0,10.0,9.8,9.6,NULL),('1351','2019-04-09 01:00:00',10.1,6.6,241.0,1.4,83.0,996.6,0.0,9.9,9.6,9.6,NULL),('1351','2019-04-09 02:00:00',13.4,9.8,240.0,0.0,80.0,996.5,0.0,9.6,9.5,9.3,NULL),('1351','2019-04-09 03:00:00',14.9,9.3,249.0,0.2,82.0,996.7,0.0,9.6,9.4,9.4,NULL),('1351','2019-04-09 04:00:00',17.7,13.7,250.0,0.0,81.0,997.0,0.0,9.4,8.7,8.7,NULL),('1351','2019-04-09 05:00:00',16.6,12.3,254.0,0.2,82.0,997.6,2.0,8.9,8.8,8.5,NULL),('1351','2019-04-09 06:00:00',14.2,10.2,248.0,0.6,85.0,997.7,0.0,9.0,8.7,8.6,NULL),('1351','2019-04-09 07:00:00',24.3,15.3,247.0,0.4,83.0,997.6,22.0,9.7,9.6,8.6,NULL),('1351','2019-04-09 08:00:00',20.0,15.8,252.0,0.4,82.0,997.5,23.0,10.3,10.3,9.4,NULL),('1351','2019-04-09 09:00:00',19.7,16.0,256.0,0.0,72.0,997.2,58.0,13.0,12.6,10.4,NULL),('1351','2019-04-09 10:00:00',20.5,15.1,260.0,0.0,73.0,997.5,33.0,13.0,12.9,11.5,NULL),('1351','2019-04-09 11:00:00',26.2,16.9,265.0,0.2,72.0,996.6,9.0,13.2,11.1,11.1,NULL),('1351','2019-04-09 12:00:00',23.3,15.8,260.0,0.0,76.0,997.0,25.0,12.8,12.8,10.8,NULL),('1351','2019-04-09 13:00:00',22.1,15.4,269.0,0.2,76.0,996.6,15.0,13.4,11.6,11.6,NULL),('1351','2019-04-09 14:00:00',22.8,17.2,265.0,0.0,75.0,996.6,6.0,12.6,11.9,11.7,NULL),('1351','2019-04-09 15:00:00',25.2,20.5,273.0,0.6,82.0,996.4,5.0,11.9,11.6,11.0,NULL),('1351','2019-04-09 16:00:00',24.2,17.4,273.0,0.2,81.0,997.9,14.0,11.9,11.1,11.1,NULL),('1351','2019-04-09 17:00:00',21.9,16.0,285.0,0.0,80.0,999.2,2.0,11.3,10.9,10.9,NULL),('1351','2019-04-09 18:00:00',18.3,14.7,276.0,0.0,77.0,999.9,0.0,11.0,10.7,10.6,NULL),('1351','2019-04-09 19:00:00',19.3,15.4,271.0,0.0,78.0,1000.2,0.0,11.0,11.0,10.7,NULL),('1351','2019-04-09 20:00:00',21.4,17.9,277.0,0.0,79.0,1000.0,0.0,11.4,11.2,11.0,NULL),('1351','2019-04-09 21:00:00',22.9,19.0,275.0,0.0,78.0,1000.0,0.0,11.3,11.2,11.2,NULL),('1351','2019-04-09 22:00:00',23.7,18.6,278.0,0.4,81.0,1000.5,0.0,11.4,11.1,11.1,NULL),('1351','2019-04-09 23:00:00',NULL,NULL,NULL,5.8,87.0,1000.9,0.0,11.1,10.5,9.7,NULL),('1351','2019-04-10 00:00:00',24.9,16.2,292.0,1.4,88.0,1001.1,0.0,10.9,10.1,10.1,NULL),('1351','2019-04-10 01:00:00',20.5,14.3,293.0,0.6,89.0,1001.7,0.0,10.7,10.7,10.1,NULL),('1351','2019-04-10 02:00:00',17.2,6.8,303.0,0.0,89.0,1002.6,0.0,10.8,10.4,10.3,NULL),('1351','2019-04-10 03:00:00',13.7,6.7,302.0,0.2,88.0,1003.3,0.0,10.8,10.7,10.2,NULL),('1351','2019-04-10 04:00:00',14.9,6.7,300.0,0.0,86.0,1004.2,0.0,10.9,10.9,10.6,NULL),('1351','2019-04-10 05:00:00',12.9,6.4,328.0,0.0,85.0,1005.3,0.0,11.1,10.9,10.8,NULL),('1351','2019-04-10 06:00:00',10.7,4.7,334.0,0.0,81.0,1006.0,37.0,11.3,11.2,10.7,NULL),('1351','2019-04-10 07:00:00',9.3,4.8,336.0,0.0,82.0,1006.8,25.0,11.8,11.7,11.1,NULL),('1351','2019-04-10 08:00:00',10.7,4.8,3.0,0.0,79.0,1007.5,45.0,12.4,12.1,11.4,NULL),('1351','2019-04-10 09:00:00',8.4,4.9,7.0,0.0,76.0,1008.0,56.0,13.5,12.9,12.1,NULL),('1351','2019-04-10 10:00:00',7.3,3.5,4.0,0.0,75.0,1008.2,59.0,14.2,14.2,12.8,NULL),('1351','2019-04-10 11:00:00',6.1,2.3,346.0,0.0,70.0,1008.6,56.0,15.5,15.3,13.7,NULL),('1351','2019-04-10 12:00:00',6.5,3.1,10.0,0.0,70.0,1008.8,50.0,15.2,14.5,13.5,NULL),('1351','2019-04-10 13:00:00',6.7,3.7,12.0,0.0,76.0,1008.9,32.0,14.3,12.7,12.7,NULL),('1351','2019-04-10 14:00:00',6.7,4.0,9.0,0.0,73.0,1009.2,54.0,13.8,13.2,12.6,NULL),('1351','2019-04-10 15:00:00',6.7,3.6,7.0,0.0,72.0,1009.6,60.0,13.8,13.0,12.8,NULL),('1351','2019-04-10 16:00:00',5.2,3.2,8.0,0.0,74.0,1009.8,51.0,13.3,12.5,12.5,NULL),('1351','2019-04-10 17:00:00',4.9,2.6,20.0,0.0,77.0,1010.1,26.0,12.7,11.3,11.3,NULL),('1351','2019-04-10 18:00:00',4.1,2.7,14.0,0.0,78.0,1011.1,0.0,11.3,11.2,11.2,NULL),('1351','2019-04-10 19:00:00',4.0,1.2,75.0,0.0,77.0,1011.5,0.0,11.2,10.9,10.9,NULL),('1351','2019-04-10 20:00:00',2.7,0.0,0.0,0.0,78.0,1011.5,0.0,10.8,10.4,10.4,NULL),('1351','2019-04-10 21:00:00',2.0,0.7,246.0,0.0,79.0,1011.4,0.0,10.9,10.5,10.3,NULL),('1351','2019-04-10 22:00:00',3.1,1.0,317.0,0.0,80.0,1011.5,0.0,10.7,10.5,10.4,NULL),('1351','2019-04-10 23:00:00',3.0,1.2,267.0,0.0,82.0,1011.4,0.0,10.6,10.0,9.9,NULL),('1351','2019-04-11 00:00:00',2.3,1.6,268.0,0.0,82.0,1011.2,0.0,10.0,9.7,9.6,NULL),('1351','2019-04-11 01:00:00',2.4,1.3,244.0,0.0,84.0,1011.4,0.0,9.8,9.5,9.4,NULL),('1351','2019-04-11 02:00:00',2.1,1.5,251.0,0.0,84.0,1011.4,0.0,9.6,9.5,9.2,NULL),('1351','2019-04-11 03:00:00',2.9,2.0,250.0,0.0,84.0,1011.2,0.0,9.6,9.3,9.3,NULL),('1351','2019-04-11 04:00:00',2.7,1.9,256.0,0.0,83.0,1011.3,0.0,9.4,9.4,9.2,NULL),('1351','2019-04-11 05:00:00',2.3,1.1,259.0,0.0,83.0,1011.7,26.0,10.1,10.1,9.3,NULL),('1351','2019-04-11 06:00:00',4.2,2.2,250.0,0.0,81.0,1012.1,60.0,11.2,11.1,10.1,NULL),('1351','2019-04-11 07:00:00',2.2,0.6,257.0,0.0,76.0,1012.1,60.0,12.2,12.2,10.7,NULL),('1351','2019-04-11 08:00:00',2.6,1.5,279.0,0.0,68.0,1012.5,60.0,14.7,14.3,12.0,NULL),('1351','2019-04-11 09:00:00',3.6,1.0,284.0,0.0,67.0,1012.9,60.0,14.9,14.7,13.3,NULL),('1351','2019-04-11 10:00:00',4.1,1.2,316.0,0.0,64.0,1012.6,60.0,16.4,15.6,14.3,NULL),('1351','2019-04-11 11:00:00',4.8,2.4,18.0,0.0,63.0,1012.5,60.0,16.0,14.0,14.0,NULL),('1351','2019-04-11 15:00:00',6.4,3.5,71.0,0.0,72.0,1011.9,59.0,13.6,13.1,12.9,NULL),('1351','2019-04-11 16:00:00',6.1,4.4,78.0,0.0,71.0,1012.0,59.0,13.1,12.5,12.5,NULL),('1351','2019-04-11 17:00:00',8.0,5.5,85.0,0.0,76.0,1011.7,25.0,12.5,11.4,11.4,NULL),('1351','2019-04-11 18:00:00',9.1,5.0,89.0,0.0,76.0,1012.0,0.0,11.4,11.1,11.1,NULL),('1351','2019-04-11 19:00:00',7.8,4.9,100.0,0.0,78.0,1012.0,0.0,11.2,11.0,11.0,NULL),('1351','2019-04-11 20:00:00',8.0,5.4,92.0,0.0,78.0,1011.9,0.0,11.0,11.0,10.8,NULL),('1351','2019-04-11 21:00:00',8.2,5.4,98.0,0.0,77.0,1011.8,0.0,11.1,10.9,10.8,NULL),('1351','2019-04-11 22:00:00',8.3,4.3,124.0,0.0,78.0,1011.8,0.0,10.9,10.6,10.6,NULL),('1351','2019-04-11 23:00:00',6.1,3.8,126.0,0.0,80.0,1011.4,0.0,10.5,10.0,9.9,NULL),('1351','2019-04-12 00:00:00',5.5,4.0,118.0,0.0,81.0,1010.8,0.0,9.9,9.7,9.7,NULL),('1351','2019-04-12 01:00:00',6.3,4.2,131.0,0.0,81.0,1010.5,0.0,9.8,9.4,9.4,NULL),('1351','2019-04-12 02:00:00',6.2,4.1,139.0,0.0,81.0,1010.2,0.0,9.5,9.3,9.3,NULL),('1351','2019-04-12 03:00:00',5.6,3.7,131.0,0.0,81.0,1010.0,0.0,9.3,9.3,9.2,NULL),('1351','2019-04-12 04:00:00',5.5,4.2,147.0,0.0,79.0,1010.1,0.0,9.4,8.8,8.8,NULL),('1351','2019-04-12 05:00:00',7.0,4.6,148.0,0.0,76.0,1010.3,26.0,9.8,9.8,8.8,NULL),('1351','2019-04-12 06:00:00',9.3,6.1,128.0,0.0,72.0,1009.9,60.0,11.4,11.4,9.8,NULL),('1351','2019-04-12 07:00:00',9.6,7.0,116.0,0.0,71.0,1010.0,60.0,12.5,12.3,11.5,NULL),('1351','2019-04-12 08:00:00',10.8,8.4,113.0,0.0,71.0,1009.9,60.0,12.7,12.6,12.3,NULL),('1351','2019-04-12 09:00:00',12.3,8.9,112.0,0.0,68.0,1009.9,60.0,13.3,12.9,12.6,NULL),('1351','2019-04-12 10:00:00',11.4,7.5,103.0,0.0,66.0,1009.7,60.0,13.6,13.6,12.7,NULL),('1351','2019-04-12 11:00:00',12.4,8.5,111.0,0.0,68.0,1009.4,60.0,13.8,13.3,13.1,NULL),('1351','2019-04-12 12:00:00',11.5,8.9,111.0,0.0,71.0,1008.9,60.0,13.7,13.5,13.1,NULL),('1351','2019-04-12 13:00:00',11.9,8.4,112.0,0.0,69.0,1008.4,60.0,14.0,13.7,13.3,NULL),('1351','2019-04-12 14:00:00',10.8,8.2,111.0,0.0,71.0,1008.1,60.0,13.7,13.3,13.2,NULL),('1351','2019-04-12 15:00:00',10.7,8.1,116.0,0.0,74.0,1007.9,60.0,13.3,13.0,13.0,NULL),('1351','2019-04-12 16:00:00',10.6,7.5,119.0,0.0,76.0,1007.9,60.0,13.0,12.3,12.3,NULL),('1351','2019-04-14 13:00:00',7.2,5.4,108.0,0.0,68.0,1003.3,15.0,19.0,18.4,18.0,NULL),('1351','2019-04-14 14:00:00',9.4,7.0,119.0,0.0,68.0,1002.4,1.0,18.4,17.3,17.2,NULL),('1351','2019-04-14 15:00:00',10.3,6.6,122.0,0.2,71.0,1001.9,0.0,17.3,17.0,16.5,NULL),('1351','2019-04-14 16:00:00',11.0,6.5,125.0,0.0,68.0,1001.9,0.0,17.4,17.3,17.0,NULL),('1351','2019-04-14 17:00:00',11.9,6.3,123.0,0.0,69.0,1002.0,0.0,17.4,16.9,16.9,NULL),('1351','2019-04-14 18:00:00',12.1,6.0,132.0,0.0,67.0,1002.2,0.0,17.7,17.6,16.9,NULL),('1351','2019-04-14 19:00:00',9.2,5.1,132.0,0.0,66.0,1002.2,0.0,17.9,17.7,17.6,NULL),('1351','2019-04-14 20:00:00',5.8,4.0,117.0,0.0,71.0,1001.8,0.0,17.7,16.5,16.5,NULL),('1351','2019-04-14 21:00:00',6.0,3.1,109.0,0.0,74.0,1001.1,0.0,16.6,15.9,15.9,NULL),('1351','2019-04-14 22:00:00',4.3,1.6,195.0,0.0,76.0,1000.4,0.0,15.9,15.6,15.3,NULL),('1351','2019-04-14 23:00:00',3.1,1.9,179.0,0.0,77.0,999.6,0.0,16.2,16.2,15.4,NULL),('1351','2019-04-15 00:00:00',4.0,3.4,128.0,0.0,74.0,998.3,0.0,17.0,17.0,16.2,NULL),('1351','2019-04-15 01:00:00',5.4,3.4,150.0,0.0,73.0,997.3,0.0,17.2,17.0,16.9,NULL),('1351','2019-04-15 02:00:00',5.5,2.6,166.0,0.0,72.0,996.5,0.0,17.1,17.1,16.8,NULL),('1351','2019-04-15 03:00:00',3.4,2.0,195.0,0.0,71.0,995.8,0.0,17.5,17.2,17.0,NULL),('1351','2019-04-15 04:00:00',8.1,5.6,277.0,0.0,83.0,995.8,0.0,17.2,14.8,14.8,NULL),('1351','2019-04-15 05:00:00',15.4,10.6,241.0,4.8,85.0,995.6,0.0,15.2,15.2,14.6,NULL),('1351','2019-04-15 06:00:00',15.6,6.7,247.0,0.0,78.0,996.2,0.0,15.4,15.3,15.1,NULL),('1351','2019-04-15 07:00:00',15.5,6.7,282.0,0.0,76.0,996.2,0.0,16.0,15.0,15.0,NULL),('1351','2019-04-15 08:00:00',20.0,12.1,253.0,0.6,83.0,996.9,0.0,14.9,14.2,13.7,NULL),('1351','2019-04-15 09:00:00',24.8,17.9,258.0,0.0,70.0,996.5,13.0,15.6,14.8,14.2,NULL),('1351','2019-04-15 10:00:00',22.1,13.4,270.0,0.0,76.0,997.9,2.0,15.0,13.9,13.4,NULL),('1351','2019-04-15 11:00:00',17.1,13.5,272.0,0.0,77.0,998.8,2.0,14.4,13.2,13.2,NULL),('1351','2019-04-15 12:00:00',18.2,15.7,282.0,0.0,78.0,999.5,0.0,13.2,12.7,12.7,NULL),('1351','2019-04-15 13:00:00',20.7,15.7,277.0,0.0,76.0,1000.2,8.0,13.3,12.8,12.5,NULL),('1351','2019-04-15 14:00:00',18.8,15.7,277.0,0.0,70.0,1000.9,52.0,14.3,14.3,12.8,NULL),('1351','2019-04-15 15:00:00',19.5,15.3,277.0,0.0,70.0,1002.0,60.0,14.3,13.8,13.6,NULL),('1351','2019-04-28 17:00:00',19.1,13.1,117.0,0.0,75.0,1010.6,57.0,12.7,12.3,12.3,NULL),('1351','2019-04-28 18:00:00',18.5,13.4,117.0,0.0,78.0,1010.7,8.0,12.3,12.1,12.1,NULL),('1351','2019-04-28 19:00:00',17.0,12.3,116.0,0.0,79.0,1010.9,0.0,12.2,12.2,12.1,NULL),('1351','2019-04-28 20:00:00',18.2,11.8,119.0,0.0,79.0,1010.6,0.0,12.2,12.1,12.0,NULL),('1351','2019-04-28 21:00:00',17.5,12.3,118.0,0.0,80.0,1010.1,0.0,12.2,12.1,12.0,NULL),('1351','2019-04-28 22:00:00',17.5,14.1,112.0,0.0,81.0,1009.6,0.0,12.2,12.2,12.1,NULL),('1351','2019-04-28 23:00:00',17.8,12.6,117.0,0.0,81.0,1009.3,0.0,12.4,12.3,12.1,NULL),('1351','2019-04-29 00:00:00',16.7,10.9,121.0,0.0,82.0,1008.7,0.0,12.3,12.0,12.0,NULL),('1351','2019-04-29 01:00:00',14.9,11.2,119.0,0.0,82.0,1008.1,0.0,12.0,11.8,11.8,NULL),('1351','2019-04-29 02:00:00',16.0,11.9,118.0,0.0,83.0,1007.7,0.0,11.8,11.7,11.7,NULL),('1351','2019-04-29 03:00:00',17.5,12.1,119.0,0.0,83.0,1007.6,0.0,11.7,11.3,11.3,NULL),('1351','2019-04-29 04:00:00',16.6,10.4,118.0,0.0,84.0,1008.0,0.0,11.2,11.2,11.1,NULL),('1351','2019-04-29 05:00:00',14.2,9.0,116.0,0.0,82.0,1008.4,51.0,11.7,11.7,11.2,NULL),('1351','2019-04-29 06:00:00',14.3,11.0,118.0,0.0,79.0,1008.4,60.0,12.4,12.3,11.7,NULL),('1351','2019-04-29 07:00:00',15.2,11.3,118.0,0.0,77.0,1008.3,60.0,13.0,12.9,12.2,NULL),('1351','2019-04-29 08:00:00',14.8,11.0,114.0,0.0,76.0,1008.4,60.0,13.7,13.7,13.0,NULL),('1351','2019-04-29 09:00:00',14.9,10.9,116.0,0.0,76.0,1008.2,60.0,14.0,13.9,13.7,NULL),('1351','2019-04-29 10:00:00',14.9,10.2,113.0,0.0,74.0,1008.0,60.0,15.0,14.7,13.9,NULL),('1351','2019-04-29 11:00:00',16.6,12.4,112.0,0.0,75.0,1007.4,60.0,14.9,14.5,14.4,NULL),('1351','2019-04-29 12:00:00',15.6,12.1,111.0,0.0,75.0,1007.4,60.0,14.7,14.6,14.5,NULL),('1351','2019-04-29 13:00:00',16.2,12.2,111.0,0.0,75.0,1007.2,60.0,14.7,14.4,14.4,NULL),('1351','2019-04-29 14:00:00',15.2,11.2,112.0,0.0,77.0,1007.3,60.0,14.6,14.3,14.2,NULL),('1351','2019-04-29 15:00:00',15.1,11.3,113.0,0.0,78.0,1007.4,60.0,14.4,13.8,13.8,NULL),('1351','2019-04-29 16:00:00',14.6,10.2,114.0,0.0,79.0,1007.5,60.0,13.9,13.6,13.5,NULL),('1351','2019-05-01 14:00:00',14.2,8.5,21.0,0.0,85.0,1009.2,0.0,12.9,12.3,12.3,NULL),('1351','2019-05-01 15:00:00',18.3,8.3,24.0,0.0,85.0,1009.5,0.0,12.3,12.2,12.1,NULL),('1351','2019-05-01 16:00:00',14.9,6.7,26.0,0.0,83.0,1009.7,0.0,12.2,12.1,12.0,NULL),('1351','2019-05-01 17:00:00',14.6,5.9,20.0,0.0,81.0,1010.0,0.0,12.2,12.1,12.0,NULL),('1351','2019-05-01 18:00:00',16.6,6.5,32.0,0.0,82.0,1010.3,0.0,12.1,12.1,11.9,NULL),('1351','2019-05-01 19:00:00',18.6,8.7,36.0,0.0,81.0,1010.3,0.0,12.1,12.0,12.0,NULL),('1351','2019-05-01 20:00:00',19.4,7.7,38.0,0.0,81.0,1010.3,0.0,12.1,11.9,11.8,NULL),('1351','2019-05-01 21:00:00',15.9,7.4,45.0,0.0,80.0,1010.3,0.0,11.9,11.7,11.7,NULL),('1351','2019-05-01 22:00:00',16.0,8.7,39.0,0.0,79.0,1010.0,0.0,11.9,11.7,11.7,NULL),('1351','2019-05-01 23:00:00',16.8,7.7,38.0,0.0,78.0,1009.9,0.0,11.8,11.8,11.6,NULL),('1351','2019-05-02 00:00:00',15.9,7.5,52.0,0.0,75.0,1009.7,0.0,11.7,11.7,11.6,NULL),('1351','2019-05-02 01:00:00',14.1,7.7,44.0,0.0,77.0,1009.3,0.0,11.7,11.4,11.4,NULL),('1351','2019-05-02 02:00:00',16.5,8.5,40.0,0.0,74.0,1009.4,0.0,11.6,11.3,11.3,NULL),('1351','2019-05-02 03:00:00',16.2,8.0,53.0,0.0,72.0,1009.4,0.0,11.3,11.1,11.0,NULL),('1351','2019-05-02 04:00:00',15.0,7.9,47.0,0.0,70.0,1009.8,0.0,11.4,11.3,11.1,NULL),('1351','2019-05-02 05:00:00',15.3,9.5,55.0,0.0,65.0,1010.2,35.0,12.0,11.9,11.3,NULL),('1351','2019-05-02 06:00:00',15.7,9.7,60.0,0.0,65.0,1010.5,56.0,12.4,12.4,11.7,NULL),('1351','2019-05-02 07:00:00',15.1,10.3,66.0,0.0,63.0,1010.6,60.0,13.2,13.2,12.2,NULL),('1351','2019-05-02 08:00:00',13.8,10.4,70.0,0.0,62.0,1010.9,56.0,13.3,12.7,12.5,NULL),('1351','2019-05-02 09:00:00',13.5,9.1,78.0,0.0,62.0,1011.0,45.0,14.0,13.2,12.8,NULL),('1351','2019-05-02 10:00:00',14.4,10.2,78.0,0.0,60.0,1010.3,31.0,13.8,13.6,13.0,NULL),('1351','2019-05-02 11:00:00',13.7,10.5,71.0,0.0,58.0,1010.2,60.0,14.0,13.7,13.5,NULL),('1351','2019-05-02 12:00:00',13.1,8.2,75.0,0.0,57.0,1010.1,60.0,14.1,13.9,13.6,NULL),('1351','2019-05-02 13:00:00',11.8,8.5,77.0,0.0,59.0,1009.9,60.0,14.1,13.6,13.4,NULL),('1351','2019-05-02 14:00:00',12.5,8.9,72.0,0.0,64.0,1009.7,60.0,13.8,13.2,13.0,NULL),('1351','2019-05-16 14:00:00',16.1,13.2,282.0,0.0,86.0,1000.2,3.0,13.7,13.5,13.3,NULL),('1351','2019-05-16 15:00:00',19.5,15.3,282.0,0.2,89.0,999.9,0.0,13.5,12.9,12.5,NULL),('1351','2019-05-16 16:00:00',20.9,17.2,283.0,0.0,89.0,999.5,0.0,12.9,12.6,12.6,NULL),('1351','2019-05-16 17:00:00',20.7,12.8,298.0,0.0,86.0,1000.4,0.0,12.8,11.8,11.8,NULL),('1351','2019-05-16 18:00:00',19.9,15.2,286.0,0.6,89.0,999.9,0.0,12.3,12.3,11.1,NULL),('1351','2019-05-16 19:00:00',19.4,16.1,288.0,0.0,89.0,999.9,0.0,12.4,12.4,12.2,NULL),('1351','2019-05-16 20:00:00',22.6,16.7,291.0,0.0,87.0,1000.4,0.0,12.5,12.5,12.1,NULL),('1351','2019-05-16 21:00:00',20.5,14.2,291.0,0.0,88.0,1000.8,0.0,12.6,12.5,12.5,NULL),('1351','2019-05-16 22:00:00',20.7,11.6,300.0,0.2,90.0,1000.8,0.0,12.6,12.3,12.3,NULL),('1351','2019-05-16 23:00:00',20.2,15.4,297.0,0.2,87.0,1000.7,0.0,12.5,12.3,12.2,NULL),('1351','2019-05-17 00:00:00',20.5,14.0,298.0,0.0,85.0,1000.8,0.0,12.5,12.4,12.3,NULL),('1351','2019-05-17 01:00:00',18.9,10.8,300.0,0.0,85.0,1001.4,0.0,12.5,12.5,12.4,NULL),('1351','2019-05-17 02:00:00',17.2,10.5,300.0,0.0,84.0,1001.5,0.0,12.5,12.5,12.3,NULL),('1351','2019-05-17 03:00:00',19.0,8.7,301.0,0.0,82.0,1001.9,0.0,12.5,12.3,12.2,NULL),('1351','2019-05-17 04:00:00',17.5,9.5,303.0,0.0,84.0,1002.3,1.0,12.4,12.3,12.2,NULL),('1351','2019-05-17 05:00:00',22.3,8.1,302.0,0.2,86.0,1002.8,0.0,12.3,11.7,11.3,NULL),('1351','2019-05-17 06:00:00',19.1,8.3,303.0,1.0,86.0,1002.7,0.0,11.9,11.6,10.8,NULL),('1351','2019-05-17 07:00:00',19.8,13.3,297.0,0.0,79.0,1003.0,18.0,12.5,12.5,11.6,NULL),('1351','2019-05-17 08:00:00',18.0,12.6,295.0,0.0,74.0,1003.6,39.0,13.1,12.7,12.4,NULL),('1351','2019-05-17 09:00:00',16.8,13.0,295.0,0.0,71.0,1003.8,56.0,13.7,13.4,12.7,NULL),('1351','2019-05-17 10:00:00',17.5,12.2,297.0,0.0,71.0,1003.8,47.0,14.2,12.9,12.9,NULL),('1351','2019-05-17 11:00:00',18.0,13.6,291.0,0.0,70.0,1004.0,35.0,14.2,13.4,12.9,NULL),('1351','2019-05-17 12:00:00',20.0,14.8,294.0,0.0,67.0,1003.6,37.0,14.3,13.8,12.9,NULL),('1351','2019-05-17 13:00:00',22.2,12.5,298.0,0.0,74.0,1003.8,36.0,13.9,11.7,11.4,NULL),('1387','2019-04-09 14:00:00',16.2,7.6,264.0,0.8,78.0,1003.2,12.2,13.9,12.5,11.7,NULL),('1387','2019-04-09 15:00:00',16.2,7.2,265.0,3.0,89.0,1003.3,0.0,12.5,11.4,11.2,NULL),('1387','2019-04-09 16:00:00',16.4,7.6,277.0,0.4,88.0,1004.1,0.0,11.6,11.6,11.3,NULL),('1387','2019-04-09 17:00:00',14.5,6.1,271.0,0.2,86.0,1005.0,0.0,11.6,11.2,11.2,NULL),('1387','2019-04-09 18:00:00',10.4,5.7,284.0,0.0,89.0,1005.8,0.0,11.2,11.1,10.9,NULL),('1387','2019-04-09 19:00:00',10.2,5.9,279.0,0.8,89.0,1006.4,0.0,11.3,11.1,11.1,NULL),('1387','2019-04-09 20:00:00',11.4,5.3,281.0,0.0,87.0,1006.7,0.0,11.1,11.0,11.0,NULL),('1387','2019-04-09 21:00:00',12.0,7.0,275.0,0.0,83.0,1007.1,0.0,11.3,11.3,11.0,NULL),('1387','2019-04-09 22:00:00',12.1,6.4,287.0,0.0,85.0,1007.4,0.0,11.3,11.2,11.1,NULL),('1387','2019-04-09 23:00:00',11.9,6.6,288.0,0.0,85.0,1007.4,0.0,11.3,11.1,11.0,NULL),('1387','2019-04-10 00:00:00',11.2,7.1,288.0,0.0,85.0,1007.5,0.0,11.2,11.2,11.0,NULL),('1387','2019-04-10 01:00:00',12.7,7.6,291.0,0.0,82.0,1007.8,0.0,11.3,11.3,11.1,NULL),('1387','2019-04-10 02:00:00',12.3,5.6,295.0,0.4,89.0,1008.0,0.0,11.3,11.1,11.1,NULL),('1387','2019-04-10 03:00:00',11.8,6.8,300.0,0.0,85.0,1008.3,0.0,11.4,11.4,11.1,NULL),('1387','2019-04-10 04:00:00',11.8,5.5,302.0,0.0,85.0,1009.0,0.0,11.6,11.5,11.4,NULL),('1387','2019-04-10 05:00:00',9.1,4.9,309.0,0.6,85.0,1009.7,0.0,11.6,11.5,11.2,NULL),('1387','2019-04-10 06:00:00',7.6,3.2,314.0,0.0,84.0,1010.3,24.5,12.3,11.8,11.5,NULL),('1387','2019-04-10 07:00:00',7.2,3.8,309.0,0.0,83.0,1010.9,0.9,12.5,12.5,11.8,NULL),('1387','2019-04-10 08:00:00',6.7,3.4,340.0,0.0,81.0,1011.3,44.3,13.4,13.3,12.5,NULL),('1387','2019-04-10 09:00:00',7.6,3.9,348.0,0.0,78.0,1012.0,49.1,14.0,13.7,13.1,NULL),('1387','2019-04-10 10:00:00',7.3,4.3,349.0,0.0,75.0,1012.1,60.0,14.5,14.5,13.7,NULL),('1387','2019-04-10 11:00:00',7.3,4.8,347.0,0.0,75.0,1012.1,60.0,14.7,14.6,14.0,NULL),('1387','2019-04-10 12:00:00',6.9,4.6,346.0,0.0,74.0,1012.5,60.0,14.9,14.6,14.4,NULL),('1387','2019-04-10 13:00:00',6.9,4.6,346.0,0.0,76.0,1012.5,60.0,14.7,14.4,14.0,NULL),('1387','2019-04-10 14:00:00',7.3,4.0,340.0,0.0,77.0,1012.7,60.0,14.6,13.6,13.6,NULL),('1387','2019-04-10 15:00:00',6.6,3.9,342.0,0.0,79.0,1013.0,59.1,13.6,13.1,13.1,NULL),('1387','2019-04-10 16:00:00',5.9,3.5,350.0,0.0,81.0,1013.3,57.4,13.1,12.6,12.6,NULL),('1387','2019-04-10 17:00:00',5.3,3.2,3.0,0.0,82.0,1013.7,19.1,12.7,12.2,12.2,NULL),('1387','2019-04-10 18:00:00',4.8,2.6,23.0,0.0,82.0,1014.4,0.0,12.2,11.9,11.9,NULL),('1387','2019-04-10 19:00:00',3.9,2.3,52.0,0.0,82.0,1014.9,0.0,11.9,11.6,11.6,NULL),('1387','2019-04-10 20:00:00',3.6,2.1,45.0,0.0,86.0,1014.9,0.0,11.6,11.2,11.2,NULL),('1387','2019-04-10 21:00:00',2.6,1.9,76.0,0.0,87.0,1014.8,0.0,11.2,11.0,11.0,NULL),('1387','2019-04-10 22:00:00',2.4,0.7,141.0,0.0,88.0,1014.8,0.0,11.0,10.5,10.5,NULL),('1387','2019-04-10 23:00:00',1.4,0.3,127.0,0.0,88.0,1014.8,0.0,10.5,10.2,10.2,NULL),('1387','2019-04-11 00:00:00',1.4,0.9,116.0,0.0,90.0,1014.7,0.0,10.2,9.8,9.8,NULL),('1387','2019-04-11 01:00:00',2.5,0.7,129.0,0.0,90.0,1014.8,0.0,9.8,9.1,9.1,NULL),('1387','2019-04-11 02:00:00',2.9,1.0,150.0,0.0,92.0,1014.8,0.0,9.1,8.5,8.5,NULL),('1387','2019-04-11 03:00:00',2.3,0.5,172.0,0.0,93.0,1014.6,0.0,8.5,8.1,8.1,NULL),('1387','2019-04-11 04:00:00',3.0,1.8,121.0,0.0,93.0,1014.8,0.0,8.1,7.4,7.4,NULL),('1387','2019-04-11 05:00:00',2.1,1.0,158.0,0.0,96.0,1015.3,43.8,7.9,7.9,7.1,NULL),('1387','2019-04-11 06:00:00',2.1,1.2,136.0,0.0,83.0,1015.4,59.5,10.2,10.2,7.9,NULL),('1387','2019-04-11 07:00:00',3.5,1.2,111.0,0.0,72.0,1015.5,59.8,12.8,12.8,10.3,NULL),('1387','2019-04-11 08:00:00',3.3,1.9,84.0,0.0,67.0,1015.7,59.7,13.9,13.9,12.8,NULL),('1387','2019-04-11 09:00:00',3.8,2.1,34.0,0.0,66.0,1015.9,59.6,14.6,14.6,13.9,NULL),('1387','2019-04-11 10:00:00',5.9,3.5,344.0,0.0,70.0,1015.6,59.5,14.6,13.9,13.8,NULL),('1387','2019-04-11 11:00:00',6.6,4.3,1.0,0.0,74.0,1015.4,59.4,14.0,14.0,13.5,NULL),('1387','2019-04-11 15:00:00',8.8,5.3,357.0,0.0,79.0,1014.7,59.4,13.1,12.6,12.6,NULL),('1387','2019-04-11 16:00:00',9.5,6.3,352.0,0.0,83.0,1014.4,59.7,12.6,12.3,12.3,NULL),('1387','2019-04-11 17:00:00',8.4,2.7,21.0,0.0,86.0,1014.3,46.2,12.3,12.2,12.2,NULL),('1387','2019-04-11 18:00:00',4.5,1.3,46.0,0.0,87.0,1014.7,0.0,12.2,11.8,11.8,NULL),('1387','2019-04-11 19:00:00',4.4,2.9,73.0,0.0,85.0,1014.7,0.0,11.8,11.7,11.6,NULL),('1387','2019-04-11 20:00:00',4.9,1.1,113.0,0.0,86.0,1014.5,0.0,11.7,11.1,11.1,NULL),('1387','2019-04-11 21:00:00',2.3,1.2,113.0,0.0,87.0,1014.6,0.0,11.1,10.6,10.6,NULL),('1387','2019-04-11 22:00:00',3.8,2.3,132.0,0.0,89.0,1014.3,0.0,10.6,9.8,9.8,NULL),('1387','2019-04-11 23:00:00',4.3,1.2,132.0,0.0,89.0,1014.4,0.0,9.8,9.1,9.1,NULL),('1387','2019-04-12 00:00:00',4.2,2.5,131.0,0.0,84.0,1013.8,0.0,9.1,8.7,8.7,NULL),('1387','2019-04-12 01:00:00',5.3,2.7,135.0,0.0,85.0,1013.4,0.0,8.8,8.4,8.4,NULL),('1387','2019-04-12 02:00:00',4.9,2.5,133.0,0.0,83.0,1013.4,0.0,8.5,8.5,8.3,NULL),('1387','2019-04-12 03:00:00',6.2,3.5,135.0,0.0,84.0,1013.2,0.0,8.6,8.1,8.1,NULL),('1387','2019-04-12 04:00:00',5.7,2.2,138.0,0.0,85.0,1013.2,0.0,8.1,7.6,7.6,NULL),('1387','2019-04-12 05:00:00',3.7,1.9,141.0,0.0,83.0,1013.3,45.9,7.7,7.7,7.5,NULL),('1387','2019-04-12 06:00:00',5.4,2.5,131.0,0.0,76.0,1013.2,59.5,9.6,9.6,7.7,NULL),('1387','2019-04-12 07:00:00',6.4,3.2,137.0,0.0,70.0,1012.9,60.0,11.6,11.6,9.6,NULL),('1387','2019-04-12 08:00:00',5.2,1.5,117.0,0.0,66.0,1013.0,60.0,14.4,14.4,11.6,NULL),('1387','2019-04-12 09:00:00',3.6,2.2,34.0,0.0,60.0,1013.0,60.0,16.0,16.0,14.4,NULL),('1387','2019-04-12 10:00:00',4.1,3.0,358.0,0.0,64.0,1012.8,60.0,16.2,15.7,15.6,NULL),('1387','2019-04-12 11:00:00',4.8,2.9,339.0,0.0,67.0,1012.6,60.0,15.7,15.1,15.1,NULL),('1387','2019-04-12 12:00:00',5.3,3.6,291.0,0.0,65.0,1012.4,60.0,15.4,15.2,14.8,NULL),('1387','2019-04-12 13:00:00',6.4,3.8,284.0,0.0,59.0,1011.9,60.0,16.3,15.8,15.2,NULL),('1387','2019-04-12 14:00:00',4.9,2.6,297.0,0.0,61.0,1011.5,60.0,16.0,14.9,14.9,NULL),('1387','2019-04-12 15:00:00',4.0,1.7,333.0,0.0,61.0,1011.3,60.0,15.0,14.2,14.2,NULL),('1387','2019-04-12 16:00:00',2.4,1.2,33.0,0.0,64.0,1011.2,39.6,14.2,13.7,13.7,NULL),('1387','2019-04-14 13:00:00',8.9,4.9,211.0,0.0,61.0,1006.1,50.6,22.4,22.3,22.0,NULL),('1387','2019-04-14 14:00:00',10.7,3.7,196.0,0.0,62.0,1005.3,51.0,22.5,22.1,21.9,NULL),('1387','2019-04-14 15:00:00',10.4,4.6,204.0,0.0,68.0,1005.2,15.5,22.1,20.8,20.8,NULL),('1387','2019-04-14 16:00:00',10.1,3.4,207.0,0.0,73.0,1005.1,0.0,20.8,19.7,19.7,NULL),('1387','2019-04-14 17:00:00',9.7,2.9,190.0,0.0,77.0,1005.3,0.0,19.7,18.9,18.9,NULL),('1387','2019-04-14 18:00:00',6.8,2.5,130.0,0.0,81.0,1005.4,0.0,18.9,18.3,18.3,NULL),('1387','2019-04-14 19:00:00',5.3,2.6,143.0,0.0,81.0,1005.2,0.0,18.3,17.9,17.9,NULL),('1387','2019-04-14 20:00:00',3.8,1.5,143.0,0.0,81.0,1004.8,0.0,18.0,17.9,17.9,NULL),('1387','2019-04-14 21:00:00',8.1,3.7,160.0,0.0,78.0,1004.1,0.0,18.1,18.1,17.9,NULL),('1387','2019-04-14 22:00:00',7.1,2.7,177.0,0.0,77.0,1003.4,0.0,18.1,18.1,18.0,NULL),('1387','2019-04-14 23:00:00',7.7,3.5,171.0,0.0,79.0,1002.4,0.0,18.2,18.1,18.1,NULL),('1387','2019-04-15 00:00:00',6.8,2.3,165.0,0.0,80.0,1001.3,0.0,18.1,17.9,17.9,NULL),('1387','2019-04-15 01:00:00',4.9,2.0,165.0,0.8,88.0,1000.6,0.0,17.9,17.0,17.0,NULL),('1387','2019-04-15 02:00:00',7.0,2.9,208.0,0.0,82.0,1000.2,0.0,17.0,16.5,16.5,NULL),('1387','2019-04-15 03:00:00',9.0,3.4,195.0,0.0,81.0,999.5,0.0,16.5,16.4,16.4,NULL),('1387','2019-04-15 04:00:00',8.4,4.0,197.0,0.0,79.0,999.4,0.0,16.4,16.3,16.3,NULL),('1387','2019-04-15 05:00:00',7.7,2.9,195.0,0.0,80.0,999.5,3.0,16.3,16.2,16.2,NULL),('1387','2019-04-15 06:00:00',11.3,3.8,245.0,0.6,84.0,1000.3,0.9,16.5,15.8,15.8,NULL),('1387','2019-04-15 07:00:00',13.4,5.5,218.0,0.0,75.0,1000.7,0.0,15.8,14.8,14.8,NULL),('1387','2019-04-15 08:00:00',12.8,4.5,211.0,0.0,76.0,1001.9,0.0,14.8,14.7,14.6,NULL),('1387','2019-04-15 09:00:00',13.2,5.3,250.0,0.0,81.0,1002.6,0.0,15.0,14.4,14.4,NULL),('1387','2019-04-15 10:00:00',13.6,5.2,249.0,0.4,89.0,1003.0,14.1,15.1,13.5,13.3,NULL),('1387','2019-04-15 11:00:00',13.6,6.4,263.0,0.0,86.0,1003.8,2.8,13.9,13.7,13.3,NULL),('1387','2019-04-15 12:00:00',12.6,7.3,281.0,0.0,79.0,1004.6,21.7,15.0,14.6,13.7,NULL),('1387','2019-04-15 13:00:00',12.4,5.8,267.0,0.2,74.0,1005.3,49.0,15.2,14.7,14.2,NULL),('1387','2019-04-15 14:00:00',12.3,4.2,264.0,0.0,71.0,1006.2,59.8,15.1,14.6,14.6,NULL),('1387','2019-04-15 15:00:00',8.6,3.8,285.0,0.0,72.0,1007.0,59.8,14.6,14.4,14.4,NULL),('1387','2019-04-28 17:00:00',2.7,1.8,266.0,0.0,74.0,1012.3,54.7,18.0,17.0,17.0,NULL),('1387','2019-04-28 18:00:00',2.8,1.8,266.0,0.0,78.0,1012.4,0.0,17.0,15.6,15.6,NULL),('1387','2019-04-28 19:00:00',2.1,0.5,335.0,0.0,81.0,1012.8,0.0,15.6,14.9,14.9,NULL),('1387','2019-04-28 20:00:00',1.5,0.9,87.0,0.0,85.0,1012.7,0.0,14.9,14.5,14.5,NULL),('1387','2019-04-28 21:00:00',1.9,0.7,97.0,0.0,87.0,1012.3,0.0,14.5,14.0,14.0,NULL),('1387','2019-04-28 22:00:00',1.4,0.7,113.0,0.0,87.0,1012.0,0.0,14.0,13.4,13.4,NULL),('1387','2019-04-28 23:00:00',2.1,1.3,116.0,0.0,90.0,1011.6,0.0,13.4,12.9,12.9,NULL),('1387','2019-04-29 00:00:00',2.9,1.6,149.0,0.0,85.0,1011.0,0.0,12.9,12.5,12.4,NULL),('1387','2019-04-29 01:00:00',2.8,1.9,166.0,0.0,80.0,1010.7,0.0,12.5,12.2,12.2,NULL),('1387','2019-04-29 02:00:00',3.5,1.8,144.0,0.0,78.0,1010.5,0.0,12.3,12.2,12.2,NULL),('1387','2019-04-29 03:00:00',2.2,0.8,128.0,0.0,84.0,1010.5,0.0,12.2,11.5,11.5,NULL),('1387','2019-04-29 04:00:00',2.9,0.9,141.0,0.0,84.0,1010.9,7.2,11.5,11.5,11.4,NULL),('1387','2019-04-29 05:00:00',3.6,2.6,150.0,0.0,78.0,1011.2,59.3,12.8,12.8,11.5,NULL),('1387','2019-04-29 06:00:00',3.2,0.3,106.0,0.0,70.0,1011.3,59.5,15.9,15.9,12.8,NULL),('1387','2019-04-29 07:00:00',2.9,1.5,305.0,0.0,76.0,1011.1,59.5,17.0,16.8,15.9,NULL),('1387','2019-04-29 08:00:00',5.2,2.4,287.0,0.0,73.0,1011.1,59.4,17.0,17.0,16.5,NULL),('1387','2019-04-29 09:00:00',6.0,2.0,309.0,0.0,83.0,1011.5,59.5,17.5,15.4,15.4,NULL),('1387','2019-04-29 10:00:00',6.0,3.1,314.0,0.0,83.0,1011.0,59.3,15.6,15.6,15.0,NULL),('1387','2019-04-29 11:00:00',6.6,3.6,294.0,0.0,82.0,1010.7,59.6,16.4,15.9,15.4,NULL),('1387','2019-04-29 12:00:00',7.5,4.1,289.0,0.0,81.0,1010.8,59.5,16.6,16.3,15.9,NULL),('1387','2019-04-29 13:00:00',8.8,5.8,289.0,0.0,81.0,1010.7,59.5,16.3,16.2,16.0,NULL),('1387','2019-04-29 14:00:00',8.8,4.1,262.0,0.0,79.0,1010.9,59.6,16.5,16.1,16.1,NULL),('1387','2019-04-29 15:00:00',11.0,5.6,266.0,0.0,83.0,1011.2,58.7,16.1,14.9,14.9,NULL),('1387','2019-04-29 16:00:00',10.7,4.1,281.0,0.0,85.0,1011.3,45.9,14.9,14.0,14.0,NULL),('1387','2019-05-01 14:00:00',12.8,7.0,19.0,0.0,82.0,1012.6,5.1,13.8,13.2,13.2,NULL),('1387','2019-05-01 15:00:00',12.5,5.6,31.0,0.0,83.0,1012.7,4.0,13.4,13.4,13.1,NULL),('1387','2019-05-01 16:00:00',13.2,6.6,13.0,0.0,84.0,1012.8,0.0,13.4,12.5,12.5,NULL),('1387','2019-05-01 17:00:00',12.4,6.9,29.0,0.0,81.0,1013.1,0.0,12.8,12.6,12.5,NULL),('1387','2019-05-01 18:00:00',13.4,6.8,35.0,0.0,82.0,1013.4,0.0,12.6,12.3,12.3,NULL),('1387','2019-05-01 19:00:00',12.8,6.6,32.0,0.0,85.0,1013.6,0.0,12.4,12.4,12.3,NULL),('1387','2019-05-01 20:00:00',11.5,7.0,34.0,0.0,85.0,1013.5,0.0,12.4,12.2,12.2,NULL),('1387','2019-05-01 21:00:00',11.4,6.5,35.0,0.0,85.0,1013.3,0.0,12.2,12.1,12.0,NULL),('1387','2019-05-01 22:00:00',12.1,6.8,35.0,0.0,86.0,1013.2,0.0,12.1,11.9,11.9,NULL),('1387','2019-05-01 23:00:00',11.8,6.4,38.0,0.0,83.0,1013.1,0.0,12.0,12.0,11.9,NULL),('1387','2019-05-02 00:00:00',10.7,7.3,37.0,0.0,84.0,1012.7,0.0,12.0,11.9,11.9,NULL),('1387','2019-05-02 01:00:00',12.1,7.0,34.0,0.0,82.0,1012.4,0.0,11.9,11.8,11.8,NULL),('1387','2019-05-02 02:00:00',11.8,6.5,39.0,0.0,82.0,1012.6,0.0,11.8,11.7,11.7,NULL),('1387','2019-05-02 03:00:00',10.6,5.9,43.0,0.0,80.0,1012.4,0.0,11.8,11.6,11.6,NULL),('1387','2019-05-02 04:00:00',9.4,5.4,46.0,0.0,78.0,1012.9,0.0,11.6,11.6,11.6,NULL),('1387','2019-05-02 05:00:00',11.1,5.8,55.0,0.0,75.0,1013.2,0.8,11.9,11.9,11.6,NULL),('1387','2019-05-02 06:00:00',9.5,5.3,50.0,0.0,72.0,1013.5,51.5,13.2,13.2,11.9,NULL),('1387','2019-05-02 07:00:00',10.2,6.1,56.0,0.0,65.0,1013.4,56.7,14.0,14.0,13.2,NULL),('1387','2019-05-02 08:00:00',10.4,6.2,61.0,0.0,66.0,1013.2,57.3,14.2,14.1,13.7,NULL),('1387','2019-05-02 09:00:00',10.5,5.5,44.0,0.0,62.0,1013.4,51.4,15.4,15.4,14.0,NULL),('1387','2019-05-02 10:00:00',10.3,6.1,64.0,0.0,57.0,1012.8,57.9,16.1,15.9,15.4,NULL),('1387','2019-05-02 11:00:00',10.4,6.2,18.0,0.0,63.0,1012.6,58.8,16.1,15.9,15.5,NULL),('1387','2019-05-02 12:00:00',12.3,7.0,20.0,0.0,67.0,1012.1,58.7,15.9,14.6,14.5,NULL),('1387','2019-05-02 13:00:00',12.1,6.9,9.0,0.0,68.0,1011.9,58.7,14.7,13.9,13.8,NULL),('1387','2019-05-02 14:00:00',12.2,6.7,5.0,0.0,70.0,1011.7,58.7,14.3,13.8,13.8,NULL),('1387','2019-05-16 14:00:00',14.1,8.6,288.0,0.0,88.0,1006.0,2.0,14.2,14.0,13.9,NULL),('1387','2019-05-16 15:00:00',14.1,7.8,288.0,0.0,87.0,1006.2,2.6,14.1,13.9,13.9,NULL),('1387','2019-05-16 16:00:00',16.1,8.2,290.0,0.0,87.0,1006.0,0.0,13.9,13.4,13.3,NULL),('1387','2019-05-16 17:00:00',12.8,7.3,293.0,0.0,87.0,1006.3,0.0,13.4,13.2,13.2,NULL),('1387','2019-05-16 18:00:00',13.1,7.4,294.0,0.0,86.0,1006.3,0.0,13.3,13.1,13.1,NULL),('1387','2019-05-16 19:00:00',17.2,8.3,294.0,0.0,86.0,1006.7,0.0,13.2,13.1,13.1,NULL),('1387','2019-05-16 20:00:00',14.7,7.3,298.0,0.0,86.0,1006.9,0.0,13.2,13.0,13.0,NULL),('1387','2019-05-16 21:00:00',15.4,7.7,301.0,0.4,86.0,1007.0,0.0,13.0,12.8,12.7,NULL),('1387','2019-05-16 22:00:00',13.7,8.2,299.0,0.0,85.0,1006.9,0.0,12.9,12.8,12.7,NULL),('1387','2019-05-16 23:00:00',14.1,7.9,299.0,0.0,86.0,1007.0,0.0,13.0,12.8,12.8,NULL),('1387','2019-05-17 00:00:00',15.0,8.3,300.0,0.4,87.0,1007.0,0.0,12.8,12.4,12.4,NULL),('1387','2019-05-17 01:00:00',14.8,8.9,298.0,0.0,87.0,1007.0,0.0,12.6,12.4,12.4,NULL),('1387','2019-05-17 02:00:00',14.1,8.7,300.0,0.6,86.0,1007.1,0.0,12.4,12.2,12.2,NULL),('1387','2019-05-17 03:00:00',13.9,6.6,303.0,0.0,83.0,1007.3,0.0,12.3,12.1,12.1,NULL),('1387','2019-05-17 04:00:00',12.3,6.1,302.0,0.0,79.0,1007.8,0.0,12.3,12.3,12.1,NULL),('1387','2019-05-17 05:00:00',11.6,5.9,304.0,0.0,77.0,1008.2,1.7,12.6,12.6,12.2,NULL),('1387','2019-05-17 06:00:00',10.5,6.2,296.0,0.0,75.0,1008.4,34.5,14.2,13.3,12.6,NULL),('1387','2019-05-17 07:00:00',9.5,4.7,303.0,0.0,77.0,1008.7,6.5,13.6,13.3,13.1,NULL),('1387','2019-05-17 08:00:00',10.2,5.2,295.0,0.0,76.0,1009.0,0.9,13.8,13.8,13.0,NULL),('1387','2019-05-17 09:00:00',10.0,4.3,314.0,0.2,70.0,1009.1,35.3,14.8,14.7,13.4,NULL),('1387','2019-05-17 10:00:00',10.4,5.1,303.0,0.0,69.0,1009.3,45.3,15.4,15.1,14.4,NULL),('1387','2019-05-17 11:00:00',10.3,6.4,292.0,0.6,75.0,1009.5,32.7,15.1,14.0,13.6,NULL),('1387','2019-05-17 12:00:00',9.8,4.8,299.0,0.0,67.0,1009.4,36.3,15.0,14.6,13.7,NULL),('1387','2019-05-17 13:00:00',10.5,5.7,292.0,0.0,65.0,1009.0,54.7,15.2,15.1,14.6,NULL),('1393','2019-04-08 15:00:00',20.2,13.3,201.0,0.0,74.0,NULL,NULL,12.8,12.4,12.3,NULL),('1393','2019-04-08 16:00:00',20.6,13.5,207.0,0.2,80.0,NULL,NULL,12.8,11.6,11.6,NULL),('1393','2019-04-08 17:00:00',22.4,10.8,201.0,0.5,88.0,NULL,NULL,11.7,9.9,9.7,NULL),('1393','2019-04-08 18:00:00',16.2,12.0,209.0,0.0,89.0,NULL,NULL,10.7,10.7,9.9,NULL),('1393','2019-04-08 19:00:00',16.7,11.9,213.0,0.0,89.0,NULL,NULL,11.3,11.1,10.6,NULL),('1393','2019-04-08 20:00:00',17.0,12.2,217.0,0.0,88.0,NULL,NULL,11.6,11.5,11.2,NULL),('1393','2019-04-08 21:00:00',15.9,11.9,223.0,0.0,87.0,NULL,NULL,11.6,11.4,11.3,NULL),('1393','2019-04-08 22:00:00',15.8,11.7,235.0,0.0,87.0,NULL,NULL,11.5,10.7,10.7,NULL),('1393','2019-04-08 23:00:00',13.1,8.7,237.0,0.0,87.0,NULL,NULL,11.3,10.9,10.6,NULL),('1393','2019-04-09 00:00:00',15.3,7.4,232.0,1.2,91.0,NULL,NULL,11.0,10.1,9.1,NULL),('1393','2019-04-09 01:00:00',14.8,5.3,239.0,1.6,90.0,NULL,NULL,10.3,8.3,7.9,NULL),('1393','2019-04-09 02:00:00',10.1,8.2,233.0,0.2,90.0,NULL,NULL,9.2,9.2,8.3,NULL),('1393','2019-04-09 03:00:00',14.0,9.5,259.0,0.0,84.0,NULL,NULL,9.9,9.8,9.2,NULL),('1393','2019-04-09 04:00:00',15.2,8.8,276.0,0.9,84.0,NULL,NULL,10.1,8.8,8.8,NULL),('1393','2019-04-09 05:00:00',14.7,10.4,261.0,0.0,84.0,NULL,NULL,9.9,9.8,8.7,NULL),('1393','2019-04-09 06:00:00',13.5,10.0,247.0,0.0,84.0,NULL,NULL,10.9,10.6,9.8,NULL),('1393','2019-04-09 07:00:00',13.9,9.5,245.0,0.5,84.0,NULL,NULL,11.4,10.6,9.7,NULL),('1393','2019-04-09 08:00:00',13.1,9.7,247.0,0.1,84.0,NULL,NULL,12.1,12.1,10.2,NULL),('1393','2019-04-09 09:00:00',14.3,11.1,236.0,0.0,79.0,NULL,NULL,12.8,12.4,11.6,NULL),('1393','2019-04-09 10:00:00',15.1,11.1,232.0,0.0,80.0,NULL,NULL,13.1,13.1,11.1,NULL),('1393','2019-04-09 11:00:00',15.6,11.0,252.0,1.0,90.0,NULL,NULL,13.1,11.4,11.0,NULL),('1393','2019-04-09 12:00:00',13.0,9.4,261.0,0.3,87.0,NULL,NULL,13.5,13.4,11.3,NULL),('1393','2019-04-09 13:00:00',14.1,9.0,265.0,0.5,80.0,NULL,NULL,13.8,11.0,11.0,NULL),('1393','2019-04-09 14:00:00',14.9,9.9,270.0,0.4,87.0,NULL,NULL,13.0,13.0,10.9,NULL),('1393','2019-04-09 15:00:00',14.2,9.6,276.0,0.0,84.0,NULL,NULL,13.2,12.2,12.0,NULL),('1393','2019-04-09 16:00:00',15.3,9.8,284.0,1.1,88.0,NULL,NULL,12.2,11.3,11.2,NULL),('1393','2019-04-09 17:00:00',12.8,7.2,289.0,0.0,90.0,NULL,NULL,11.4,10.8,10.4,NULL),('1393','2019-04-09 18:00:00',10.9,5.9,285.0,0.0,91.0,NULL,NULL,11.1,11.1,10.6,NULL),('1393','2019-04-09 19:00:00',10.6,7.3,302.0,0.0,91.0,NULL,NULL,11.0,11.0,10.7,NULL),('1393','2019-04-09 20:00:00',9.9,7.2,304.0,0.0,91.0,NULL,NULL,11.1,11.1,10.8,NULL),('1393','2019-04-09 21:00:00',12.4,8.1,300.0,0.4,92.0,NULL,NULL,11.3,11.2,10.9,NULL),('1393','2019-04-09 22:00:00',12.1,8.7,306.0,0.0,92.0,NULL,NULL,11.2,10.9,10.9,NULL),('1393','2019-04-09 23:00:00',12.4,6.3,313.0,0.3,92.0,NULL,NULL,11.1,11.0,10.6,NULL),('1393','2019-04-10 00:00:00',11.7,7.9,311.0,0.0,93.0,NULL,NULL,11.2,10.9,10.8,NULL),('1393','2019-04-10 01:00:00',11.2,6.3,337.0,0.0,88.0,NULL,NULL,11.1,10.3,10.1,NULL),('1393','2019-04-10 02:00:00',8.6,5.6,328.0,0.0,87.0,NULL,NULL,10.5,10.3,10.2,NULL),('1393','2019-04-10 03:00:00',8.9,5.1,332.0,0.0,87.0,NULL,NULL,10.4,10.3,10.1,NULL),('1393','2019-04-10 04:00:00',8.3,5.9,337.0,0.0,88.0,NULL,NULL,10.6,10.5,10.1,NULL),('1393','2019-04-10 05:00:00',9.3,5.2,331.0,0.0,88.0,NULL,NULL,10.9,10.9,10.5,NULL),('1393','2019-04-10 06:00:00',9.1,6.7,344.0,0.0,88.0,NULL,NULL,11.7,11.4,10.8,NULL),('1393','2019-04-10 07:00:00',8.3,6.1,351.0,0.0,84.0,NULL,NULL,12.7,12.4,11.3,NULL),('1393','2019-04-10 08:00:00',7.8,5.9,344.0,0.0,84.0,NULL,NULL,13.0,12.7,12.1,NULL),('1393','2019-04-10 09:00:00',7.9,5.3,355.0,0.0,80.0,NULL,NULL,14.1,14.1,12.4,NULL),('1393','2019-04-10 10:00:00',7.1,5.5,356.0,0.0,78.0,NULL,NULL,14.8,13.8,13.7,NULL),('1393','2019-04-10 11:00:00',7.3,4.7,14.0,0.0,76.0,NULL,NULL,14.8,14.7,12.7,NULL),('1393','2019-04-10 12:00:00',6.0,4.5,18.0,0.0,72.0,NULL,NULL,14.9,14.5,14.4,NULL),('1393','2019-04-10 13:00:00',5.3,4.5,14.0,0.0,74.0,NULL,NULL,14.8,14.1,13.9,NULL),('1393','2019-04-10 14:00:00',6.0,4.8,16.0,0.0,74.0,NULL,NULL,14.6,14.0,13.9,NULL),('1393','2019-04-10 15:00:00',6.0,4.8,19.0,0.0,76.0,NULL,NULL,14.0,12.7,12.7,NULL),('1393','2019-04-10 16:00:00',5.7,4.1,24.0,0.0,79.0,NULL,NULL,12.7,11.9,11.9,NULL),('1393','2019-04-10 17:00:00',5.6,4.5,25.0,0.0,82.0,NULL,NULL,12.1,11.3,11.3,NULL),('1393','2019-04-10 18:00:00',5.3,4.6,25.0,0.0,84.0,NULL,NULL,11.4,11.1,11.0,NULL),('1393','2019-04-10 19:00:00',5.6,3.5,46.0,0.0,84.0,NULL,NULL,11.1,10.8,10.8,NULL),('1393','2019-04-10 20:00:00',4.9,3.1,47.0,0.0,85.0,NULL,NULL,10.9,10.3,10.3,NULL),('1393','2019-04-10 21:00:00',4.4,2.9,62.0,0.0,87.0,NULL,NULL,10.4,9.6,9.6,NULL),('1393','2019-04-10 22:00:00',3.7,2.2,68.0,0.0,88.0,NULL,NULL,9.7,9.4,9.2,NULL),('1393','2019-04-10 23:00:00',4.1,3.3,81.0,0.0,89.0,NULL,NULL,9.5,8.6,8.6,NULL),('1393','2019-04-11 00:00:00',4.7,3.7,100.0,0.0,91.0,NULL,NULL,8.6,8.3,8.3,NULL),('1393','2019-04-11 01:00:00',4.4,3.6,94.0,0.0,93.0,NULL,NULL,8.5,8.1,8.1,NULL),('1393','2019-04-11 02:00:00',4.0,3.4,103.0,0.0,93.0,NULL,NULL,8.3,8.0,7.9,NULL),('1393','2019-04-11 03:00:00',4.6,3.9,105.0,0.0,93.0,NULL,NULL,8.1,7.5,7.5,NULL),('1393','2019-04-11 04:00:00',4.6,3.9,104.0,0.0,94.0,NULL,NULL,7.7,7.6,7.4,NULL),('1393','2019-04-11 05:00:00',4.2,3.3,110.0,0.0,94.0,NULL,NULL,8.8,8.8,7.5,NULL),('1393','2019-04-11 06:00:00',3.8,1.1,59.0,0.0,93.0,NULL,NULL,11.2,11.2,8.8,NULL),('1393','2019-04-11 07:00:00',2.1,1.4,20.0,0.0,87.0,NULL,NULL,12.0,11.3,10.9,NULL),('1393','2019-04-11 08:00:00',4.8,3.7,21.0,0.0,79.0,NULL,NULL,13.5,13.5,11.2,NULL),('1393','2019-04-11 09:00:00',5.7,4.7,25.0,0.0,72.0,NULL,NULL,14.0,13.8,13.2,NULL),('1393','2019-04-11 10:00:00',6.9,5.4,24.0,0.0,70.0,NULL,NULL,14.4,14.1,13.7,NULL),('1393','2019-04-11 11:00:00',7.1,5.6,24.0,0.0,68.0,NULL,NULL,14.4,14.4,14.0,NULL),('1393','2019-04-11 15:00:00',9.3,7.7,32.0,0.0,72.0,NULL,NULL,13.6,13.0,13.0,NULL),('1393','2019-04-11 16:00:00',9.7,7.7,36.0,0.0,75.0,NULL,NULL,12.9,12.2,12.2,NULL),('1393','2019-04-11 17:00:00',9.8,5.5,42.0,0.0,76.0,NULL,NULL,12.3,11.2,11.2,NULL),('1393','2019-04-11 18:00:00',7.3,4.8,53.0,0.0,80.0,NULL,NULL,11.2,10.6,10.5,NULL),('1393','2019-04-11 19:00:00',6.9,3.4,72.0,0.0,84.0,NULL,NULL,10.6,9.9,9.9,NULL),('1393','2019-04-11 20:00:00',5.4,2.8,53.0,0.0,89.0,NULL,NULL,10.1,9.7,9.7,NULL),('1393','2019-04-11 21:00:00',5.0,3.1,62.0,0.0,91.0,NULL,NULL,9.9,9.4,9.4,NULL),('1393','2019-04-11 22:00:00',3.7,2.1,77.0,0.0,92.0,NULL,NULL,9.4,9.4,8.8,NULL),('1393','2019-04-11 23:00:00',2.9,1.5,71.0,0.0,93.0,NULL,NULL,9.3,9.0,9.0,NULL),('1393','2019-04-12 00:00:00',2.1,1.1,29.0,0.0,92.0,NULL,NULL,9.3,9.0,8.8,NULL),('1393','2019-04-12 01:00:00',2.9,2.4,99.0,0.0,90.0,NULL,NULL,9.1,8.5,8.3,NULL),('1393','2019-04-12 02:00:00',3.1,1.7,124.0,0.0,79.0,NULL,NULL,9.1,8.9,8.4,NULL),('1393','2019-04-12 03:00:00',3.6,2.6,95.0,0.0,76.0,NULL,NULL,8.8,8.1,8.0,NULL),('1393','2019-04-12 04:00:00',4.1,3.1,104.0,0.0,76.0,NULL,NULL,8.4,7.7,7.7,NULL),('1393','2019-04-12 05:00:00',4.9,4.2,123.0,0.0,76.0,NULL,NULL,9.0,9.0,7.6,NULL),('1393','2019-04-12 06:00:00',5.4,3.9,130.0,0.0,68.0,NULL,NULL,11.3,11.3,9.0,NULL),('1393','2019-04-12 07:00:00',4.8,3.2,206.0,0.0,64.0,NULL,NULL,13.6,13.5,11.2,NULL),('1393','2019-04-12 08:00:00',4.4,3.3,229.0,0.0,68.0,NULL,NULL,14.2,13.9,13.4,NULL),('1393','2019-04-12 09:00:00',4.6,3.2,235.0,0.0,70.0,NULL,NULL,14.7,14.6,13.8,NULL),('1393','2019-04-12 10:00:00',6.9,5.6,237.0,0.0,68.0,NULL,NULL,15.8,15.5,14.6,NULL),('1393','2019-04-12 11:00:00',7.8,5.9,230.0,0.0,71.0,NULL,NULL,16.0,15.7,15.2,NULL),('1393','2019-04-12 12:00:00',6.9,5.1,229.0,0.0,67.0,NULL,NULL,16.0,15.8,15.5,NULL),('1393','2019-04-12 13:00:00',7.2,5.9,232.0,0.0,65.0,NULL,NULL,16.3,15.8,15.6,NULL),('1393','2019-04-12 14:00:00',8.6,5.8,229.0,0.0,72.0,NULL,NULL,16.2,15.1,14.9,NULL),('1393','2019-04-12 15:00:00',8.5,5.1,223.0,0.0,79.0,NULL,NULL,15.0,14.3,14.0,NULL),('1393','2019-04-12 16:00:00',8.2,5.4,218.0,0.0,84.0,NULL,NULL,14.3,13.7,13.2,NULL),('1393','2019-04-14 13:00:00',12.3,8.7,185.0,0.0,96.0,NULL,NULL,16.0,15.8,15.6,NULL),('1393','2019-04-14 14:00:00',11.9,7.4,187.0,0.0,96.0,NULL,NULL,15.9,15.6,15.4,NULL),('1393','2019-04-14 15:00:00',11.7,8.5,186.0,0.1,96.0,NULL,NULL,15.9,15.4,15.4,NULL),('1393','2019-04-14 16:00:00',12.4,9.1,188.0,0.0,96.0,NULL,NULL,15.5,15.0,15.0,NULL),('1393','2019-04-14 17:00:00',13.0,7.5,185.0,0.0,96.0,NULL,NULL,15.1,14.9,14.9,NULL),('1393','2019-04-14 18:00:00',11.1,6.6,179.0,0.0,96.0,NULL,NULL,14.9,14.8,14.7,NULL),('1393','2019-04-14 19:00:00',10.4,6.8,178.0,0.0,96.0,NULL,NULL,15.0,14.9,14.8,NULL),('1393','2019-04-14 20:00:00',10.3,6.8,175.0,0.0,96.0,NULL,NULL,14.9,14.7,14.6,NULL),('1393','2019-04-14 21:00:00',10.7,7.7,175.0,0.0,96.0,NULL,NULL,14.7,14.5,14.4,NULL),('1393','2019-04-14 22:00:00',11.7,8.0,182.0,0.0,96.0,NULL,NULL,14.6,14.6,14.4,NULL),('1393','2019-04-14 23:00:00',12.0,8.2,182.0,0.0,96.0,NULL,NULL,14.6,14.5,14.4,NULL),('1393','2019-04-15 00:00:00',12.4,8.3,181.0,0.0,94.0,NULL,NULL,14.6,14.4,14.4,NULL),('1393','2019-04-15 01:00:00',15.1,10.8,189.0,0.0,92.0,NULL,NULL,14.6,14.6,14.4,NULL),('1393','2019-04-15 02:00:00',17.1,10.6,187.0,0.0,91.0,NULL,NULL,14.8,14.5,14.5,NULL),('1393','2019-04-15 03:00:00',17.7,11.6,191.0,0.1,91.0,NULL,NULL,14.5,14.3,14.3,NULL),('1393','2019-04-15 04:00:00',20.1,14.1,206.0,0.1,92.0,NULL,NULL,14.4,13.9,13.7,NULL),('1393','2019-04-15 05:00:00',22.5,13.1,212.0,0.4,94.0,NULL,NULL,14.0,12.4,12.4,NULL),('1393','2019-04-15 06:00:00',17.5,12.5,203.0,1.3,94.0,NULL,NULL,12.6,12.3,12.2,NULL),('1393','2019-04-15 07:00:00',17.9,9.2,222.0,3.8,96.0,NULL,NULL,12.6,12.1,11.8,NULL),('1393','2019-04-15 08:00:00',13.1,9.5,239.0,0.0,96.0,NULL,NULL,12.7,11.9,11.8,NULL),('1393','2019-04-15 09:00:00',12.7,8.5,243.0,0.3,96.0,NULL,NULL,13.4,12.7,11.9,NULL),('1393','2019-04-15 10:00:00',10.7,7.9,244.0,0.0,94.0,NULL,NULL,13.8,13.6,12.3,NULL),('1393','2019-04-15 11:00:00',10.3,8.4,242.0,0.0,84.0,NULL,NULL,14.3,13.8,13.2,NULL),('1393','2019-04-15 12:00:00',10.2,7.4,240.0,0.0,76.0,NULL,NULL,15.0,14.6,13.8,NULL),('1393','2019-04-15 13:00:00',8.9,7.4,241.0,0.0,68.0,NULL,NULL,15.3,15.3,14.5,NULL),('1393','2019-04-15 14:00:00',9.6,7.7,232.0,0.0,67.0,NULL,NULL,15.4,14.8,14.5,NULL),('1393','2019-04-15 15:00:00',10.5,8.0,225.0,0.2,82.0,NULL,NULL,15.0,13.5,12.6,NULL),('1393','2019-04-28 17:00:00',8.2,5.8,33.0,0.0,0.0,NULL,NULL,14.0,13.0,13.0,NULL),('1393','2019-04-28 18:00:00',6.4,4.1,35.0,0.0,0.0,NULL,NULL,13.0,12.4,12.4,NULL),('1393','2019-04-28 19:00:00',4.0,1.8,47.0,0.0,0.0,NULL,NULL,12.4,12.2,12.2,NULL),('1393','2019-04-28 20:00:00',2.2,1.4,33.0,0.0,0.0,NULL,NULL,12.2,11.5,11.5,NULL),('1393','2019-04-28 21:00:00',2.4,1.3,43.0,0.0,0.0,NULL,NULL,11.7,11.5,11.5,NULL),('1393','2019-04-28 22:00:00',1.8,0.8,39.0,0.0,0.0,NULL,NULL,11.8,11.8,11.5,NULL),('1393','2019-04-28 23:00:00',1.2,0.2,49.0,0.0,0.0,NULL,NULL,12.0,11.7,11.6,NULL),('1393','2019-04-29 00:00:00',0.9,0.6,210.0,0.1,0.0,NULL,NULL,12.0,11.8,11.2,NULL),('1393','2019-04-29 01:00:00',1.0,0.7,183.0,0.0,0.0,NULL,NULL,12.2,11.8,11.7,NULL),('1393','2019-04-29 02:00:00',2.0,1.6,190.0,0.0,0.0,NULL,NULL,11.8,11.3,10.9,NULL),('1393','2019-04-29 03:00:00',3.1,2.8,200.0,0.0,0.0,NULL,NULL,11.3,10.7,10.5,NULL),('1393','2019-04-29 04:00:00',4.9,3.4,202.0,0.1,0.0,NULL,NULL,11.1,11.1,10.7,NULL),('1393','2019-04-29 05:00:00',4.3,2.6,196.0,0.0,0.0,NULL,NULL,12.3,12.2,11.1,NULL),('1393','2019-04-29 06:00:00',4.2,2.6,208.0,0.0,0.0,NULL,NULL,12.6,12.5,12.2,NULL),('1393','2019-04-29 07:00:00',3.8,2.3,251.0,0.0,0.0,NULL,NULL,13.1,12.8,12.4,NULL),('1393','2019-04-29 08:00:00',4.1,2.4,275.0,0.0,0.0,NULL,NULL,13.5,13.3,12.9,NULL),('1393','2019-04-29 09:00:00',4.3,2.0,268.0,0.0,0.0,NULL,NULL,14.0,14.0,13.3,NULL),('1393','2019-04-29 10:00:00',4.8,3.0,285.0,0.0,0.0,NULL,NULL,14.7,14.4,14.0,NULL),('1393','2019-04-29 11:00:00',4.5,2.7,279.0,0.0,0.0,NULL,NULL,15.0,15.0,14.4,NULL),('1393','2019-04-29 12:00:00',5.5,3.2,299.0,0.0,0.0,NULL,NULL,15.4,15.1,14.9,NULL),('1393','2019-04-29 13:00:00',5.4,3.2,301.0,0.0,0.0,NULL,NULL,15.3,14.4,14.4,NULL),('1393','2019-04-29 14:00:00',5.5,4.1,306.0,0.0,0.0,NULL,NULL,14.5,14.0,13.9,NULL),('1393','2019-04-29 15:00:00',6.1,3.3,330.0,0.0,0.0,NULL,NULL,14.0,13.6,13.4,NULL),('1393','2019-04-29 16:00:00',6.4,3.3,311.0,0.0,0.0,NULL,NULL,13.7,13.1,13.1,NULL),('1393','2019-05-01 14:00:00',17.2,14.5,30.0,0.0,NULL,NULL,NULL,13.4,13.3,12.7,NULL),('1393','2019-05-01 15:00:00',17.9,14.1,29.0,0.0,NULL,NULL,NULL,13.6,12.6,12.4,NULL),('1393','2019-05-01 16:00:00',18.1,14.9,32.0,0.0,NULL,NULL,NULL,12.7,12.5,12.2,NULL),('1393','2019-05-01 17:00:00',18.8,15.7,32.0,0.0,NULL,NULL,NULL,12.7,11.8,11.7,NULL),('1393','2019-05-01 18:00:00',19.3,16.3,33.0,0.0,NULL,NULL,NULL,11.9,11.6,11.5,NULL),('1393','2019-05-01 19:00:00',19.0,16.5,35.0,0.0,NULL,NULL,NULL,12.0,11.5,11.4,NULL),('1393','2019-05-01 20:00:00',19.3,15.2,34.0,0.0,NULL,NULL,NULL,11.7,11.5,11.2,NULL),('1393','2019-05-01 21:00:00',19.0,15.8,32.0,0.0,NULL,NULL,NULL,11.7,11.6,11.4,NULL),('1393','2019-05-01 22:00:00',19.3,16.2,33.0,0.0,NULL,NULL,NULL,11.8,11.4,11.3,NULL),('1393','2019-05-01 23:00:00',18.9,16.1,34.0,0.0,NULL,NULL,NULL,11.6,11.3,11.3,NULL),('1393','2019-05-02 00:00:00',19.0,15.7,33.0,0.0,NULL,NULL,NULL,11.5,11.3,11.2,NULL),('1393','2019-05-02 01:00:00',19.0,16.2,37.0,0.0,NULL,NULL,NULL,11.3,10.9,10.9,NULL),('1393','2019-05-02 02:00:00',18.6,15.8,33.0,0.0,NULL,NULL,NULL,11.1,11.1,10.9,NULL),('1393','2019-05-02 03:00:00',19.0,15.6,37.0,0.0,NULL,NULL,NULL,11.1,11.0,10.8,NULL),('1393','2019-05-02 04:00:00',19.0,15.3,37.0,0.0,NULL,NULL,NULL,11.1,11.1,10.9,NULL),('1393','2019-05-02 05:00:00',19.7,16.4,37.0,0.0,NULL,NULL,NULL,11.5,11.4,11.0,NULL),('1393','2019-05-02 06:00:00',19.8,16.5,36.0,0.0,NULL,NULL,NULL,11.9,11.8,11.4,NULL),('1393','2019-05-02 07:00:00',20.2,15.4,37.0,0.0,NULL,NULL,NULL,12.3,12.2,11.8,NULL),('1393','2019-05-02 08:00:00',21.4,16.3,37.0,0.0,NULL,NULL,NULL,12.7,12.6,12.1,NULL),('1393','2019-05-02 09:00:00',20.1,16.5,38.0,0.0,NULL,NULL,NULL,12.9,12.7,12.5,NULL),('1393','2019-05-02 10:00:00',19.8,15.7,38.0,0.0,NULL,NULL,NULL,13.3,13.0,12.4,NULL),('1393','2019-05-02 11:00:00',20.1,16.5,36.0,0.0,NULL,NULL,NULL,13.3,13.2,12.9,NULL),('1393','2019-05-02 12:00:00',19.8,16.5,37.0,0.0,NULL,NULL,NULL,13.3,13.1,12.9,NULL),('1393','2019-05-02 13:00:00',22.0,17.0,38.0,0.0,NULL,NULL,NULL,13.4,12.9,12.6,NULL),('1393','2019-05-02 14:00:00',21.1,17.6,37.0,0.0,NULL,NULL,NULL,13.0,12.7,12.5,NULL),('1393','2019-05-16 14:00:00',11.2,6.9,324.0,0.0,85.0,NULL,NULL,14.8,14.8,13.6,NULL),('1393','2019-05-16 15:00:00',12.5,8.5,329.0,0.0,78.0,NULL,NULL,15.4,14.0,13.8,NULL),('1393','2019-05-16 16:00:00',12.3,7.2,326.0,0.0,80.0,NULL,NULL,14.7,13.7,13.5,NULL),('1393','2019-05-16 17:00:00',13.2,8.3,331.0,0.0,83.0,NULL,NULL,13.8,13.1,13.1,NULL),('1393','2019-05-16 18:00:00',14.7,8.1,328.0,0.0,84.0,NULL,NULL,13.2,12.9,12.7,NULL),('1393','2019-05-16 19:00:00',13.6,9.7,327.0,0.0,81.0,NULL,NULL,13.0,12.7,12.7,NULL),('1393','2019-05-16 20:00:00',13.0,7.9,326.0,0.0,83.0,NULL,NULL,12.9,12.7,12.6,NULL),('1393','2019-05-16 21:00:00',15.6,9.2,325.0,0.0,82.0,NULL,NULL,12.8,12.6,12.5,NULL),('1393','2019-05-16 22:00:00',14.1,8.5,324.0,0.0,84.0,NULL,NULL,12.6,12.6,12.5,NULL),('1393','2019-05-16 23:00:00',13.3,8.5,324.0,0.0,83.0,NULL,NULL,12.6,12.4,12.3,NULL),('1393','2019-05-17 00:00:00',13.3,7.7,333.0,0.0,82.0,NULL,NULL,12.4,12.1,12.1,NULL),('1393','2019-05-17 01:00:00',12.7,7.7,330.0,0.0,84.0,NULL,NULL,12.3,12.3,12.1,NULL),('1393','2019-05-17 02:00:00',12.1,7.7,325.0,0.0,80.0,NULL,NULL,12.4,12.0,11.9,NULL),('1393','2019-05-17 03:00:00',10.7,7.4,328.0,0.0,81.0,NULL,NULL,12.1,12.1,11.8,NULL),('1393','2019-05-17 04:00:00',10.1,5.7,325.0,0.0,83.0,NULL,NULL,12.3,12.1,12.0,NULL),('1393','2019-05-17 05:00:00',11.7,7.5,325.0,0.0,86.0,NULL,NULL,12.6,11.5,11.4,NULL),('1393','2019-05-17 06:00:00',10.1,6.3,330.0,0.0,81.0,NULL,NULL,13.0,12.9,11.5,NULL),('1393','2019-05-17 07:00:00',10.6,5.2,321.0,0.0,78.0,NULL,NULL,13.2,12.9,12.4,NULL),('1393','2019-05-17 08:00:00',9.6,4.8,342.0,0.0,82.0,NULL,NULL,14.3,13.0,12.5,NULL),('1393','2019-05-17 09:00:00',10.1,5.9,328.0,0.0,73.0,NULL,NULL,14.6,14.2,12.8,NULL),('1393','2019-05-17 10:00:00',9.5,5.3,315.0,0.0,69.0,NULL,NULL,15.5,15.5,13.2,NULL),('1393','2019-05-17 11:00:00',8.7,4.6,327.0,0.0,68.0,NULL,NULL,16.0,15.4,15.0,NULL),('1393','2019-05-17 12:00:00',11.4,7.2,322.0,0.0,72.0,NULL,NULL,16.7,12.3,12.3,NULL),('1393','2019-05-17 13:00:00',8.7,4.4,323.0,0.0,69.0,NULL,NULL,16.0,15.2,12.1,NULL),('1473A','2019-04-08 15:00:00',14.3,6.0,273.0,0.0,68.0,NULL,NULL,13.0,12.1,11.8,NULL),('1473A','2019-04-08 16:00:00',13.1,4.3,257.0,0.0,72.0,NULL,NULL,12.1,11.3,11.3,NULL),('1473A','2019-04-08 17:00:00',11.2,4.7,260.0,0.3,85.0,NULL,NULL,11.3,10.4,10.1,NULL),('1473A','2019-04-08 18:00:00',13.0,3.5,269.0,4.4,92.0,NULL,NULL,10.5,8.6,8.5,NULL),('1473A','2019-04-08 19:00:00',7.2,1.6,228.0,0.8,93.0,NULL,NULL,8.7,8.7,8.1,NULL),('1473A','2019-04-08 20:00:00',8.6,2.8,266.0,3.1,94.0,NULL,NULL,9.2,9.2,8.6,NULL),('1473A','2019-04-08 21:00:00',9.0,2.9,250.0,0.4,94.0,NULL,NULL,9.3,8.9,8.9,NULL),('1473A','2019-04-08 22:00:00',7.6,2.6,246.0,2.9,94.0,NULL,NULL,9.0,8.8,8.4,NULL),('1473A','2019-04-08 23:00:00',9.8,2.3,259.0,3.1,94.0,NULL,NULL,8.9,8.7,8.6,NULL),('1473A','2019-04-09 00:00:00',5.3,1.8,242.0,0.0,94.0,NULL,NULL,8.8,8.5,8.5,NULL),('1473A','2019-04-09 01:00:00',5.4,0.8,262.0,0.8,94.0,NULL,NULL,8.8,8.6,8.5,NULL),('1473A','2019-04-09 02:00:00',5.8,1.1,297.0,0.3,94.0,NULL,NULL,8.7,8.0,7.9,NULL),('1473A','2019-04-09 03:00:00',3.8,1.1,280.0,0.0,94.0,NULL,NULL,7.9,7.1,7.1,NULL),('1473A','2019-04-09 04:00:00',4.1,0.3,273.0,0.0,94.0,NULL,NULL,7.1,6.2,6.1,NULL),('1473A','2019-04-09 05:00:00',5.6,1.2,327.0,0.0,94.0,NULL,NULL,7.4,7.3,6.3,NULL),('1473A','2019-04-09 06:00:00',4.1,1.0,281.0,0.2,94.0,NULL,NULL,9.0,9.0,7.3,NULL),('1473A','2019-04-09 07:00:00',5.8,2.3,275.0,0.0,86.0,NULL,NULL,11.1,11.0,8.7,NULL),('1473A','2019-04-09 08:00:00',8.0,3.4,279.0,0.0,79.0,NULL,NULL,12.2,10.6,9.7,NULL),('1473A','2019-04-09 09:00:00',9.9,2.4,281.0,0.3,85.0,NULL,NULL,12.4,12.2,10.4,NULL),('1473A','2019-04-09 10:00:00',8.9,3.1,281.0,0.0,77.0,NULL,NULL,13.4,13.1,11.4,NULL),('1473A','2019-04-09 11:00:00',12.7,3.0,273.0,0.3,88.0,NULL,NULL,12.8,11.2,10.0,NULL),('1473A','2019-04-09 12:00:00',8.8,2.5,276.0,2.9,93.0,NULL,NULL,11.4,10.2,9.5,NULL),('1473A','2019-04-09 13:00:00',6.3,2.4,273.0,0.2,93.0,NULL,NULL,12.5,12.5,10.0,NULL),('1473A','2019-04-09 14:00:00',9.0,2.8,280.0,0.1,83.0,NULL,NULL,12.8,10.7,10.7,NULL),('1473A','2019-04-09 15:00:00',7.4,1.8,297.0,0.5,88.0,NULL,NULL,10.9,9.9,9.9,NULL),('1473A','2019-04-09 16:00:00',5.9,1.5,254.0,1.3,92.0,NULL,NULL,10.0,9.9,9.0,NULL),('1473A','2019-04-09 17:00:00',6.0,1.4,280.0,0.4,92.0,NULL,NULL,9.9,9.3,9.1,NULL),('1473A','2019-04-09 18:00:00',3.5,0.3,269.0,1.4,93.0,NULL,NULL,9.4,9.3,9.2,NULL),('1473A','2019-04-09 19:00:00',2.5,0.7,269.0,0.1,94.0,NULL,NULL,9.3,9.2,9.1,NULL),('1473A','2019-04-09 20:00:00',2.5,0.7,276.0,0.0,94.0,NULL,NULL,9.3,8.9,8.8,NULL),('1473A','2019-04-09 21:00:00',2.8,0.4,295.0,0.1,94.0,NULL,NULL,9.0,8.6,8.5,NULL),('1473A','2019-04-09 22:00:00',2.1,0.4,258.0,2.6,95.0,NULL,NULL,8.7,8.6,8.5,NULL),('1473A','2019-04-09 23:00:00',1.9,0.4,269.0,0.9,95.0,NULL,NULL,8.7,8.7,8.6,NULL),('1473A','2019-04-10 00:00:00',1.5,0.1,323.0,0.2,95.0,NULL,NULL,8.6,8.4,8.2,NULL),('1473A','2019-04-10 01:00:00',1.7,0.1,270.0,0.7,95.0,NULL,NULL,8.6,8.6,8.4,NULL),('1473A','2019-04-10 02:00:00',1.9,0.6,229.0,1.0,95.0,NULL,NULL,8.7,8.4,8.4,NULL),('1473A','2019-04-10 03:00:00',1.6,0.5,265.0,0.0,95.0,NULL,NULL,8.4,7.4,7.3,NULL),('1473A','2019-04-10 04:00:00',1.0,0.2,213.0,0.0,95.0,NULL,NULL,7.7,7.4,7.3,NULL),('1473A','2019-04-10 05:00:00',1.1,0.0,241.0,0.0,95.0,NULL,NULL,7.8,7.8,7.2,NULL),('1473A','2019-04-10 06:00:00',2.9,0.4,262.0,0.0,95.0,NULL,NULL,9.8,9.8,7.8,NULL),('1473A','2019-04-10 07:00:00',1.7,0.1,291.0,0.0,95.0,NULL,NULL,10.7,10.4,9.7,NULL),('1473A','2019-04-10 08:00:00',1.8,0.2,264.0,0.0,90.0,NULL,NULL,12.0,12.0,10.5,NULL),('1473A','2019-04-10 09:00:00',1.9,0.2,218.0,0.0,80.0,NULL,NULL,13.5,12.9,11.5,NULL),('1473A','2019-04-10 10:00:00',3.5,0.8,53.0,0.0,72.0,NULL,NULL,14.0,13.4,12.5,NULL),('1473A','2019-04-10 11:00:00',3.5,0.6,332.0,0.0,64.0,NULL,NULL,14.7,14.6,13.2,NULL),('1473A','2019-04-10 12:00:00',4.0,0.7,11.0,0.1,60.0,NULL,NULL,16.1,15.8,13.5,NULL),('1473A','2019-04-10 13:00:00',5.9,0.9,0.0,0.0,54.0,NULL,NULL,17.1,16.6,14.5,NULL),('1473A','2019-04-10 14:00:00',5.4,1.2,8.0,0.0,49.0,NULL,NULL,17.6,16.6,16.3,NULL),('1473A','2019-04-10 15:00:00',5.5,0.9,34.0,0.0,51.0,NULL,NULL,16.8,15.6,15.5,NULL),('1473A','2019-04-10 16:00:00',5.5,1.9,35.0,0.0,56.0,NULL,NULL,15.7,13.6,13.6,NULL),('1473A','2019-04-10 17:00:00',4.3,1.6,50.0,0.0,64.0,NULL,NULL,13.5,11.5,11.5,NULL),('1473A','2019-04-10 18:00:00',4.8,1.7,75.0,0.0,74.0,NULL,NULL,11.4,10.0,10.0,NULL),('1473A','2019-04-10 19:00:00',2.1,1.3,58.0,0.0,81.0,NULL,NULL,10.0,8.8,8.8,NULL),('1473A','2019-04-10 20:00:00',3.2,1.9,63.0,0.0,87.0,NULL,NULL,8.8,7.9,7.8,NULL),('1473A','2019-04-10 21:00:00',3.4,2.4,55.0,0.0,91.0,NULL,NULL,7.9,7.0,6.9,NULL),('1473A','2019-04-10 22:00:00',2.8,1.9,68.0,0.0,92.0,NULL,NULL,7.1,6.1,5.9,NULL),('1473A','2019-04-10 23:00:00',3.3,1.6,66.0,0.0,93.0,NULL,NULL,6.2,5.5,5.4,NULL),('1473A','2019-04-11 00:00:00',3.2,2.3,63.0,0.0,94.0,NULL,NULL,5.9,5.1,5.1,NULL),('1473A','2019-04-11 01:00:00',4.2,2.4,66.0,0.0,95.0,NULL,NULL,5.3,5.1,4.9,NULL),('1473A','2019-04-11 02:00:00',4.4,1.8,73.0,0.0,96.0,NULL,NULL,5.5,5.5,5.0,NULL),('1473A','2019-04-11 03:00:00',4.4,2.5,102.0,0.0,96.0,NULL,NULL,6.1,6.0,5.5,NULL),('1473A','2019-04-11 04:00:00',6.0,3.9,93.0,0.0,96.0,NULL,NULL,6.1,5.8,5.8,NULL),('1473A','2019-04-11 05:00:00',5.5,2.8,77.0,0.0,96.0,NULL,NULL,5.9,5.9,5.7,NULL),('1473A','2019-04-11 06:00:00',7.1,4.0,94.0,0.0,96.0,NULL,NULL,6.1,5.8,5.7,NULL),('1473A','2019-04-11 07:00:00',7.2,3.5,100.0,0.0,97.0,NULL,NULL,6.9,6.8,5.7,NULL),('1473A','2019-04-11 08:00:00',7.1,4.6,99.0,0.0,88.0,NULL,NULL,9.6,9.6,6.6,NULL),('1473A','2019-04-11 09:00:00',6.2,3.7,88.0,0.0,70.0,NULL,NULL,12.9,12.9,9.8,NULL),('1473A','2019-04-11 10:00:00',5.9,3.4,115.0,0.0,51.0,NULL,NULL,15.6,15.4,12.7,NULL),('1473A','2019-04-11 11:00:00',5.6,2.3,138.0,0.0,44.0,NULL,NULL,16.9,16.6,15.2,NULL),('1473A','2019-04-11 15:00:00',4.5,2.3,72.0,0.0,41.0,NULL,NULL,17.4,17.1,15.9,NULL),('1473A','2019-04-11 16:00:00',5.3,1.4,31.0,0.0,52.0,NULL,NULL,17.1,14.6,14.5,NULL),('1473A','2019-04-11 17:00:00',3.8,1.6,4.0,0.0,58.0,NULL,NULL,14.6,13.1,13.1,NULL),('1473A','2019-04-11 18:00:00',4.0,1.7,62.0,0.0,63.0,NULL,NULL,13.1,11.3,11.3,NULL),('1473A','2019-04-11 19:00:00',4.4,1.1,52.0,0.0,66.0,NULL,NULL,11.5,10.0,10.0,NULL),('1473A','2019-04-11 20:00:00',3.5,2.0,60.0,0.0,78.0,NULL,NULL,10.0,8.5,8.4,NULL),('1473A','2019-04-11 21:00:00',3.1,1.0,52.0,0.0,84.0,NULL,NULL,8.5,7.3,7.2,NULL),('1473A','2019-04-11 22:00:00',4.5,2.4,76.0,0.0,89.0,NULL,NULL,7.4,6.8,6.8,NULL),('1473A','2019-04-11 23:00:00',4.4,1.2,71.0,0.0,91.0,NULL,NULL,7.0,6.0,6.0,NULL),('1473A','2019-04-12 00:00:00',6.1,4.1,63.0,0.0,93.0,NULL,NULL,6.1,5.5,5.3,NULL),('1473A','2019-04-12 01:00:00',6.1,3.7,66.0,0.0,94.0,NULL,NULL,5.6,4.7,4.7,NULL),('1473A','2019-04-12 02:00:00',4.9,3.3,66.0,0.0,95.0,NULL,NULL,4.8,4.2,4.2,NULL),('1473A','2019-04-12 03:00:00',5.5,3.8,67.0,0.0,95.0,NULL,NULL,4.2,2.9,2.9,NULL),('1473A','2019-04-12 04:00:00',6.3,4.6,75.0,0.0,96.0,NULL,NULL,3.0,2.8,2.5,NULL),('1473A','2019-04-12 05:00:00',7.1,4.8,84.0,0.0,97.0,NULL,NULL,4.8,4.8,2.8,NULL),('1473A','2019-04-12 06:00:00',8.3,4.9,92.0,0.0,97.0,NULL,NULL,5.9,5.9,4.9,NULL),('1473A','2019-04-12 07:00:00',7.4,4.7,97.0,0.0,88.0,NULL,NULL,8.6,8.5,5.8,NULL),('1473A','2019-04-12 08:00:00',7.0,2.5,80.0,0.0,71.0,NULL,NULL,11.7,11.5,8.1,NULL),('1473A','2019-04-12 09:00:00',3.8,0.5,274.0,0.0,58.0,NULL,NULL,15.1,15.0,11.7,NULL),('1473A','2019-04-12 10:00:00',4.3,1.6,270.0,0.0,47.0,NULL,NULL,17.6,17.3,15.0,NULL),('1473A','2019-04-12 11:00:00',6.2,1.9,276.0,0.0,42.0,NULL,NULL,18.9,18.6,17.0,NULL),('1473A','2019-04-12 12:00:00',6.4,2.6,269.0,0.0,41.0,NULL,NULL,19.4,18.1,18.0,NULL),('1473A','2019-04-12 13:00:00',7.1,1.8,284.0,0.0,41.0,NULL,NULL,19.1,18.6,17.8,NULL),('1473A','2019-04-12 14:00:00',6.7,1.6,265.0,0.0,41.0,NULL,NULL,19.1,18.4,18.1,NULL),('1473A','2019-04-12 15:00:00',4.7,1.4,279.0,0.0,41.0,NULL,NULL,18.9,16.8,16.8,NULL),('1473A','2019-04-12 16:00:00',4.7,1.4,262.0,0.0,47.0,NULL,NULL,16.8,15.4,15.4,NULL),('1473A','2019-04-14 13:00:00',5.8,1.6,286.0,0.0,90.0,NULL,NULL,17.2,16.7,16.4,NULL),('1473A','2019-04-14 14:00:00',8.2,2.2,276.0,0.0,90.0,NULL,NULL,17.3,16.2,16.0,NULL),('1473A','2019-04-14 15:00:00',7.4,2.7,267.0,0.0,90.0,NULL,NULL,16.3,16.1,16.0,NULL),('1473A','2019-04-14 16:00:00',6.5,1.3,292.0,0.1,93.0,NULL,NULL,16.1,15.6,15.6,NULL),('1473A','2019-04-14 17:00:00',3.2,0.8,298.0,0.0,94.0,NULL,NULL,15.6,15.1,15.1,NULL),('1473A','2019-04-14 18:00:00',2.0,0.2,305.0,0.0,94.0,NULL,NULL,15.2,15.1,14.9,NULL),('1473A','2019-04-14 19:00:00',2.0,0.8,296.0,0.0,94.0,NULL,NULL,15.1,15.0,14.9,NULL),('1473A','2019-04-14 20:00:00',4.1,1.4,216.0,0.0,93.0,NULL,NULL,15.3,15.2,14.7,NULL),('1473A','2019-04-14 21:00:00',4.2,1.2,260.0,0.0,94.0,NULL,NULL,15.3,15.1,15.0,NULL),('1473A','2019-04-14 22:00:00',3.4,0.8,288.0,0.0,94.0,NULL,NULL,15.2,15.0,15.0,NULL),('1473A','2019-04-14 23:00:00',3.2,0.6,285.0,0.0,94.0,NULL,NULL,15.0,14.4,14.4,NULL),('1473A','2019-04-15 00:00:00',2.7,0.9,301.0,0.3,94.0,NULL,NULL,14.5,14.4,14.4,NULL),('1473A','2019-04-15 01:00:00',5.6,0.9,291.0,1.1,94.0,NULL,NULL,14.5,13.8,13.8,NULL),('1473A','2019-04-15 02:00:00',7.9,3.1,262.0,0.1,94.0,NULL,NULL,13.9,13.7,13.6,NULL),('1473A','2019-04-15 03:00:00',6.6,2.7,255.0,0.4,94.0,NULL,NULL,13.7,13.4,13.4,NULL),('1473A','2019-04-15 04:00:00',8.2,2.7,255.0,0.1,94.0,NULL,NULL,13.5,13.3,13.2,NULL),('1473A','2019-04-15 05:00:00',9.7,3.3,267.0,0.1,94.0,NULL,NULL,13.5,13.4,13.2,NULL),('1473A','2019-04-15 06:00:00',12.4,4.7,279.0,0.1,94.0,NULL,NULL,13.3,12.3,12.2,NULL),('1473A','2019-04-15 07:00:00',12.5,4.4,272.0,0.3,95.0,NULL,NULL,12.2,11.8,11.6,NULL),('1473A','2019-04-15 08:00:00',9.7,2.9,273.0,1.5,94.0,NULL,NULL,11.9,11.8,11.5,NULL),('1473A','2019-04-15 09:00:00',9.7,2.3,269.0,0.4,94.0,NULL,NULL,13.3,13.3,11.7,NULL),('1473A','2019-04-15 10:00:00',9.8,4.1,263.0,0.0,86.0,NULL,NULL,15.8,15.0,12.5,NULL),('1473A','2019-04-15 11:00:00',10.4,2.8,285.0,0.0,80.0,NULL,NULL,15.6,13.8,12.9,NULL),('1473A','2019-04-15 12:00:00',8.4,3.5,274.0,0.0,73.0,NULL,NULL,16.2,15.1,12.9,NULL),('1473A','2019-04-15 13:00:00',8.5,2.3,284.0,0.0,60.0,NULL,NULL,16.8,15.7,14.8,NULL),('1473A','2019-04-15 14:00:00',8.8,2.4,279.0,0.0,63.0,NULL,NULL,16.4,14.8,13.7,NULL),('1473A','2019-04-15 15:00:00',7.7,2.8,260.0,0.0,69.0,NULL,NULL,15.6,13.0,13.0,NULL),('1473A','2019-04-28 17:00:00',3.2,1.2,276.0,0.0,47.0,NULL,NULL,21.6,18.4,18.4,NULL),('1473A','2019-04-28 18:00:00',3.1,0.1,326.0,0.0,49.0,NULL,NULL,18.4,16.4,15.5,NULL),('1473A','2019-04-28 19:00:00',1.6,1.2,60.0,0.0,54.0,NULL,NULL,16.9,14.9,14.9,NULL),('1473A','2019-04-28 20:00:00',2.2,1.7,61.0,0.0,67.0,NULL,NULL,15.0,13.2,13.2,NULL),('1473A','2019-04-28 21:00:00',3.0,1.7,62.0,0.0,77.0,NULL,NULL,13.3,12.4,12.4,NULL),('1473A','2019-04-28 22:00:00',3.1,1.5,66.0,0.0,84.0,NULL,NULL,12.5,11.3,11.1,NULL),('1473A','2019-04-28 23:00:00',5.1,3.0,65.0,0.0,86.0,NULL,NULL,11.7,11.5,11.1,NULL),('1473A','2019-04-29 00:00:00',6.3,4.9,64.0,0.0,89.0,NULL,NULL,11.5,10.8,10.7,NULL),('1473A','2019-04-29 01:00:00',5.8,4.0,64.0,0.0,91.0,NULL,NULL,10.9,10.1,10.1,NULL),('1473A','2019-04-29 02:00:00',5.6,3.9,69.0,0.0,93.0,NULL,NULL,10.1,9.3,9.3,NULL),('1473A','2019-04-29 03:00:00',5.1,3.0,67.0,0.0,93.0,NULL,NULL,9.4,8.9,8.9,NULL),('1473A','2019-04-29 04:00:00',4.5,3.7,63.0,0.0,93.0,NULL,NULL,9.0,8.9,8.4,NULL),('1473A','2019-04-29 05:00:00',5.1,3.4,63.0,0.0,93.0,NULL,NULL,10.7,10.7,8.6,NULL),('1473A','2019-04-29 06:00:00',4.6,3.2,76.0,0.0,79.0,NULL,NULL,14.1,14.1,10.8,NULL),('1473A','2019-04-29 07:00:00',4.9,1.4,107.0,0.0,68.0,NULL,NULL,16.2,16.1,14.1,NULL),('1473A','2019-04-29 08:00:00',2.5,1.1,263.0,0.0,61.0,NULL,NULL,18.9,18.5,16.0,NULL),('1473A','2019-04-29 09:00:00',3.0,0.8,288.0,0.0,57.0,NULL,NULL,21.1,21.0,18.5,NULL),('1473A','2019-04-29 10:00:00',3.9,1.6,284.0,0.0,51.0,NULL,NULL,22.5,22.2,20.8,NULL),('1473A','2019-04-29 11:00:00',5.0,1.7,268.0,0.0,47.0,NULL,NULL,23.6,22.9,22.0,NULL),('1473A','2019-04-29 12:00:00',5.0,1.8,263.0,0.0,46.0,NULL,NULL,23.3,23.0,22.2,NULL),('1473A','2019-04-29 13:00:00',5.1,1.6,285.0,0.0,45.0,NULL,NULL,23.6,23.5,22.7,NULL),('1473A','2019-04-29 14:00:00',4.7,1.9,278.0,0.0,46.0,NULL,NULL,23.5,23.5,22.6,NULL),('1473A','2019-04-29 15:00:00',5.1,1.5,275.0,0.0,50.0,NULL,NULL,23.5,21.8,21.6,NULL),('1473A','2019-04-29 16:00:00',4.2,1.0,283.0,0.0,53.0,NULL,NULL,21.9,20.3,20.3,NULL),('1473A','2019-05-01 14:00:00',13.1,5.5,59.0,0.0,53.0,NULL,NULL,19.2,17.3,17.3,NULL),('1473A','2019-05-01 15:00:00',13.1,5.8,55.0,0.0,57.0,NULL,NULL,17.4,15.7,15.4,NULL),('1473A','2019-05-01 16:00:00',13.6,6.7,51.0,0.0,63.0,NULL,NULL,15.7,13.7,13.7,NULL),('1473A','2019-05-01 17:00:00',14.2,6.0,52.0,0.0,68.0,NULL,NULL,13.6,12.6,12.6,NULL),('1473A','2019-05-01 18:00:00',13.2,4.1,70.0,0.0,75.0,NULL,NULL,12.7,11.5,11.5,NULL),('1473A','2019-05-01 19:00:00',9.6,3.0,70.0,0.0,78.0,NULL,NULL,11.6,11.1,11.0,NULL),('1473A','2019-05-01 20:00:00',11.1,2.9,72.0,0.0,79.0,NULL,NULL,11.1,10.8,10.8,NULL),('1473A','2019-05-01 21:00:00',10.3,4.8,70.0,0.0,81.0,NULL,NULL,10.8,10.6,10.5,NULL),('1473A','2019-05-01 22:00:00',10.8,4.6,69.0,0.0,82.0,NULL,NULL,10.6,10.4,10.3,NULL),('1473A','2019-05-01 23:00:00',10.1,3.4,69.0,0.0,83.0,NULL,NULL,10.6,10.3,10.3,NULL),('1473A','2019-05-02 00:00:00',9.6,3.6,81.0,0.0,83.0,NULL,NULL,10.5,10.3,10.2,NULL),('1473A','2019-05-02 01:00:00',10.5,4.5,72.0,0.0,83.0,NULL,NULL,10.8,10.8,10.2,NULL),('1473A','2019-05-02 02:00:00',14.1,6.9,60.0,0.0,81.0,NULL,NULL,10.9,10.4,10.4,NULL),('1473A','2019-05-02 03:00:00',11.8,4.4,79.0,0.0,82.0,NULL,NULL,10.5,9.9,9.9,NULL),('1473A','2019-05-02 04:00:00',10.2,3.7,80.0,0.0,82.0,NULL,NULL,10.1,10.1,9.6,NULL),('1473A','2019-05-02 05:00:00',11.8,4.9,75.0,0.0,78.0,NULL,NULL,11.7,11.3,10.1,NULL),('1473A','2019-05-02 06:00:00',14.0,7.3,74.0,0.0,69.0,NULL,NULL,13.6,12.5,11.1,NULL),('1473A','2019-05-02 07:00:00',15.6,7.6,78.0,0.0,64.0,NULL,NULL,14.6,14.6,12.4,NULL),('1473A','2019-05-02 08:00:00',15.0,8.7,90.0,0.0,58.0,NULL,NULL,16.1,15.6,13.8,NULL),('1473A','2019-05-02 09:00:00',15.5,11.0,95.0,0.0,51.0,NULL,NULL,17.0,16.3,15.5,NULL),('1473A','2019-05-02 10:00:00',16.9,9.8,97.0,0.0,49.0,NULL,NULL,17.8,16.5,16.0,NULL),('1473A','2019-05-02 11:00:00',14.3,8.5,89.0,0.0,46.0,NULL,NULL,18.5,17.9,16.5,NULL),('1473A','2019-05-02 12:00:00',14.4,8.3,99.0,0.0,44.0,NULL,NULL,18.9,18.5,18.1,NULL),('1473A','2019-05-02 13:00:00',14.1,7.9,88.0,0.0,44.0,NULL,NULL,20.1,18.8,18.3,NULL),('1473A','2019-05-02 14:00:00',13.3,5.9,65.0,0.0,45.0,NULL,NULL,19.6,18.7,18.7,NULL),('1473A','2019-05-16 14:00:00',5.8,0.1,303.0,0.0,62.0,NULL,NULL,16.7,15.7,15.0,NULL),('1473A','2019-05-16 15:00:00',6.5,1.3,331.0,0.0,68.0,NULL,NULL,15.8,14.0,14.0,NULL),('1473A','2019-05-16 16:00:00',6.4,1.1,353.0,0.0,73.0,NULL,NULL,14.2,13.4,13.3,NULL),('1473A','2019-05-16 17:00:00',5.2,0.6,303.0,0.0,73.0,NULL,NULL,13.6,12.5,12.5,NULL),('1473A','2019-05-16 18:00:00',4.3,0.6,283.0,0.0,75.0,NULL,NULL,12.6,12.2,12.1,NULL),('1473A','2019-05-16 19:00:00',4.0,0.7,272.0,0.0,79.0,NULL,NULL,12.2,11.6,11.5,NULL),('1473A','2019-05-16 20:00:00',3.2,0.8,219.0,0.1,85.0,NULL,NULL,11.7,11.0,10.9,NULL),('1473A','2019-05-16 21:00:00',3.2,0.8,217.0,0.0,84.0,NULL,NULL,11.2,10.8,10.6,NULL),('1473A','2019-05-16 22:00:00',2.9,1.1,214.0,0.0,83.0,NULL,NULL,11.0,10.8,10.6,NULL),('1473A','2019-05-16 23:00:00',4.0,1.3,221.0,0.0,83.0,NULL,NULL,10.9,10.7,10.5,NULL),('1473A','2019-05-17 00:00:00',5.8,1.0,199.0,0.0,80.0,NULL,NULL,11.0,11.0,10.6,NULL),('1473A','2019-05-17 01:00:00',3.3,0.6,269.0,0.0,81.0,NULL,NULL,11.0,10.5,10.4,NULL),('1473A','2019-05-17 02:00:00',2.9,0.9,205.0,0.0,81.0,NULL,NULL,10.6,10.6,10.3,NULL),('1473A','2019-05-17 03:00:00',2.7,0.7,211.0,0.0,83.0,NULL,NULL,10.6,10.0,9.8,NULL),('1473A','2019-05-17 04:00:00',2.9,0.5,93.0,0.0,81.0,NULL,NULL,10.2,9.7,9.6,NULL),('1473A','2019-05-17 05:00:00',1.9,0.4,260.0,0.0,77.0,NULL,NULL,12.1,12.0,9.7,NULL),('1473A','2019-05-17 06:00:00',3.1,1.0,288.0,0.0,72.0,NULL,NULL,13.5,12.4,11.8,NULL),('1473A','2019-05-17 07:00:00',5.3,1.5,26.0,0.0,66.0,NULL,NULL,14.1,13.4,11.6,NULL),('1473A','2019-05-17 08:00:00',7.1,0.6,340.0,0.1,74.0,NULL,NULL,14.8,12.3,12.1,NULL),('1473A','2019-05-17 09:00:00',3.0,0.9,280.0,0.1,69.0,NULL,NULL,14.1,14.1,12.1,NULL),('1473A','2019-05-17 10:00:00',6.1,1.1,283.0,0.0,61.0,NULL,NULL,16.1,15.5,13.0,NULL),('1473A','2019-05-17 11:00:00',7.3,0.3,60.0,0.0,57.0,NULL,NULL,15.8,14.7,13.7,NULL),('1473A','2019-05-17 12:00:00',8.9,2.9,350.0,0.0,57.0,NULL,NULL,16.9,13.8,13.8,NULL),('1473A','2019-05-17 13:00:00',6.1,1.0,346.0,0.0,49.0,NULL,NULL,17.4,16.9,13.1,NULL),('2374X','2019-04-11 16:00:00',2.1,1.2,74.0,0.0,50.0,924.1,0.0,12.1,11.6,11.6,NULL),('2374X','2019-04-11 17:00:00',7.9,2.8,86.0,0.0,70.0,924.7,0.0,11.6,8.5,8.5,NULL),('2374X','2019-04-11 18:00:00',5.5,1.4,66.0,0.0,78.0,925.5,0.0,8.4,6.6,6.6,NULL),('2374X','2019-04-11 19:00:00',3.3,0.4,23.0,0.0,80.0,925.8,0.0,6.5,5.9,5.8,NULL),('2374X','2019-04-11 20:00:00',2.6,0.6,103.0,0.0,83.0,925.6,0.0,5.9,4.4,4.4,NULL),('2374X','2019-04-11 21:00:00',1.4,0.4,357.0,0.0,90.0,925.9,0.0,4.4,2.9,2.9,NULL),('2374X','2019-04-11 22:00:00',0.7,0.0,0.0,0.0,93.0,926.0,0.0,2.9,1.7,1.7,NULL),('2374X','2019-04-11 23:00:00',1.1,0.7,337.0,0.0,96.0,925.9,0.0,1.8,1.0,1.0,NULL),('2374X','2019-04-12 00:00:00',1.1,0.4,6.0,0.0,96.0,925.5,0.0,1.0,0.0,0.0,NULL),('2374X','2019-04-12 01:00:00',0.8,0.4,293.0,0.0,98.0,925.5,0.0,0.1,-0.3,-0.4,NULL),('2374X','2019-04-12 02:00:00',1.7,0.5,292.0,0.0,98.0,925.4,0.0,-0.2,-0.7,-0.7,NULL),('2374X','2019-04-12 03:00:00',2.1,0.7,113.0,0.0,99.0,925.4,0.0,-0.7,-0.9,-1.2,NULL),('2374X','2019-04-12 04:00:00',13.4,0.0,0.0,0.0,99.0,925.7,0.0,-0.5,-1.0,-1.1,NULL),('2374X','2019-04-12 05:00:00',4.2,0.7,314.0,0.0,100.0,925.9,6.0,0.6,0.6,-1.1,NULL),('2374X','2019-04-12 06:00:00',4.5,0.9,18.0,0.0,84.0,925.9,60.0,5.1,5.1,0.7,NULL),('2374X','2019-04-12 07:00:00',6.9,1.5,340.0,0.0,65.0,925.8,60.0,8.2,8.2,5.2,NULL),('2374X','2019-04-12 08:00:00',4.2,1.4,321.0,0.0,53.0,925.9,60.0,10.0,10.0,8.3,NULL),('2374X','2019-04-12 09:00:00',4.8,1.8,308.0,0.0,48.0,925.6,60.0,11.1,11.1,9.7,NULL),('2374X','2019-04-12 10:00:00',4.4,1.7,274.0,0.0,45.0,925.3,60.0,12.9,12.8,11.1,NULL),('2374X','2019-04-12 11:00:00',6.5,1.8,2.0,0.0,41.0,924.9,60.0,13.8,13.5,12.6,NULL),('2374X','2019-04-12 12:00:00',4.6,2.0,38.0,0.0,33.0,924.3,60.0,14.8,14.6,13.3,NULL),('2374X','2019-04-12 13:00:00',4.1,1.4,12.0,0.0,33.0,923.6,60.0,15.4,14.9,14.5,NULL),('2374X','2019-04-12 14:00:00',5.7,1.1,296.0,0.0,28.0,923.5,60.0,15.5,15.3,14.8,NULL),('2374X','2019-04-12 15:00:00',3.8,1.7,70.0,0.0,28.0,923.4,60.0,15.8,15.3,15.3,NULL),('2374X','2019-04-12 16:00:00',3.5,1.1,180.0,0.0,31.0,923.4,17.0,15.3,13.7,13.7,NULL),('2374X','2019-04-14 13:00:00',5.0,1.8,161.0,0.0,43.0,921.8,60.0,21.3,21.0,20.7,NULL),('2374X','2019-04-14 14:00:00',5.5,2.1,216.0,0.0,42.0,921.4,60.0,21.1,21.0,20.6,NULL),('2374X','2019-04-14 15:00:00',5.1,1.5,224.0,0.0,43.0,921.2,55.0,21.1,20.4,20.4,NULL),('2374X','2019-04-14 16:00:00',15.9,1.6,166.0,0.0,48.0,921.1,12.0,20.4,19.2,19.2,NULL),('2374X','2019-04-14 17:00:00',4.8,0.4,162.0,0.0,56.0,921.3,0.0,19.2,17.1,17.1,NULL),('2374X','2019-04-14 18:00:00',2.1,0.4,259.0,0.0,73.0,921.7,0.0,17.1,14.3,14.3,NULL),('2374X','2019-04-14 19:00:00',1.0,0.3,227.0,0.0,75.0,921.7,0.0,14.2,13.1,13.1,NULL),('2374X','2019-04-14 20:00:00',0.6,0.3,24.0,0.0,81.0,921.5,0.0,13.1,11.5,11.5,NULL),('2374X','2019-04-14 21:00:00',1.0,0.4,64.0,0.0,84.0,921.4,0.0,11.5,11.0,10.9,NULL),('2374X','2019-04-14 22:00:00',1.4,0.7,120.0,0.0,86.0,921.0,0.0,11.0,10.1,10.1,NULL),('2374X','2019-04-14 23:00:00',2.3,0.5,69.0,0.0,88.0,920.3,0.0,10.4,10.3,10.0,NULL),('2374X','2019-04-15 00:00:00',1.2,0.5,300.0,0.0,93.0,920.0,0.0,10.4,10.4,10.2,NULL),('2374X','2019-04-15 01:00:00',1.4,0.0,0.0,0.0,92.0,919.4,0.0,10.7,10.0,10.0,NULL),('2374X','2019-04-15 02:00:00',2.0,0.6,72.0,0.0,92.0,918.9,0.0,10.6,10.6,10.0,NULL),('2374X','2019-04-15 03:00:00',1.7,0.6,73.0,0.0,87.0,918.6,0.0,10.6,10.3,10.3,NULL),('2374X','2019-04-15 04:00:00',2.2,0.4,49.0,0.0,94.0,918.4,0.0,10.3,9.1,8.9,NULL),('2374X','2019-04-15 05:00:00',3.5,0.5,86.0,0.0,88.0,918.0,0.0,10.3,10.3,9.1,NULL),('2374X','2019-04-15 06:00:00',4.9,0.8,112.0,0.0,77.0,917.5,28.0,13.0,13.0,10.4,NULL),('2374X','2019-04-15 07:00:00',5.1,1.8,167.0,0.0,68.0,916.9,36.0,15.7,15.7,13.0,NULL),('2374X','2019-04-15 08:00:00',13.8,4.0,194.0,0.0,57.0,916.7,59.0,19.5,19.5,15.8,NULL),('2374X','2019-04-15 09:00:00',10.0,3.9,181.0,0.0,54.0,916.1,32.0,20.0,19.7,19.2,NULL),('2374X','2019-04-15 10:00:00',13.0,5.7,221.0,0.0,47.0,915.1,15.0,20.8,20.8,19.1,NULL),('2374X','2019-04-15 11:00:00',13.2,1.5,247.0,1.8,74.0,915.5,8.0,20.9,16.9,14.9,NULL),('2374X','2019-04-15 12:00:00',10.0,2.3,247.0,0.0,47.0,915.7,18.0,19.1,19.0,17.1,NULL),('2374X','2019-04-15 13:00:00',10.4,2.1,262.0,0.0,46.0,916.1,36.0,19.8,19.1,18.3,NULL),('2374X','2019-04-15 14:00:00',10.8,2.0,260.0,0.0,46.0,916.6,58.0,18.9,18.2,16.9,NULL),('2374X','2019-04-15 15:00:00',7.5,1.7,268.0,0.0,55.0,917.5,32.0,18.2,15.2,15.2,NULL),('2374X','2019-04-28 17:00:00',3.3,1.2,97.0,0.0,53.0,926.6,0.0,18.7,16.2,16.2,NULL),('2374X','2019-04-28 18:00:00',2.5,0.8,38.0,0.0,68.0,927.1,0.0,16.1,12.9,12.9,NULL),('2374X','2019-04-28 19:00:00',5.2,2.2,50.0,0.0,70.0,927.3,0.0,12.8,11.7,11.7,NULL),('2374X','2019-04-28 20:00:00',5.5,2.4,50.0,0.0,74.0,927.0,0.0,11.7,10.7,10.7,NULL),('2374X','2019-04-28 21:00:00',6.4,3.1,45.0,0.0,71.0,927.0,0.0,10.7,10.3,10.2,NULL),('2374X','2019-04-28 22:00:00',6.5,2.8,48.0,0.0,64.0,926.9,0.0,10.6,10.3,10.3,NULL),('2374X','2019-04-28 23:00:00',5.9,1.9,36.0,0.0,72.0,926.5,0.0,10.4,8.7,8.7,NULL),('2374X','2019-04-29 00:00:00',4.2,1.8,29.0,0.0,78.0,926.3,0.0,8.6,7.8,7.8,NULL),('2374X','2019-04-29 01:00:00',4.0,1.2,18.0,0.0,78.0,926.1,0.0,7.8,7.1,7.0,NULL),('2374X','2019-04-29 02:00:00',5.2,2.5,50.0,0.0,75.0,925.6,0.0,7.1,6.9,6.8,NULL),('2374X','2019-04-29 03:00:00',4.8,1.5,12.0,0.0,74.0,925.8,0.0,7.2,6.9,6.7,NULL),('2374X','2019-04-29 04:00:00',4.1,1.8,356.0,0.0,72.0,926.1,6.0,7.4,7.4,6.7,NULL),('2374X','2019-04-29 05:00:00',3.5,1.6,38.0,0.0,66.0,926.0,47.0,9.8,9.8,7.4,NULL),('2374X','2019-04-29 06:00:00',5.0,2.2,42.0,0.0,55.0,926.0,56.0,12.6,12.1,9.9,NULL),('2374X','2019-04-29 07:00:00',4.6,1.7,76.0,0.0,49.0,925.6,60.0,14.8,14.8,12.1,NULL),('2374X','2019-04-29 08:00:00',5.0,2.1,50.0,0.0,41.0,925.4,60.0,16.3,16.2,14.6,NULL),('2374X','2019-04-29 09:00:00',3.9,0.8,122.0,0.0,36.0,924.8,60.0,18.9,18.9,16.1,NULL),('2374X','2019-04-29 10:00:00',3.9,1.4,299.0,0.0,35.0,924.0,60.0,20.3,20.0,18.6,NULL),('2374X','2019-04-29 11:00:00',4.5,1.0,307.0,0.0,32.0,923.4,60.0,21.2,21.0,19.9,NULL),('2374X','2019-04-29 12:00:00',5.1,1.1,290.0,0.0,31.0,922.9,60.0,22.5,22.3,21.0,NULL),('2374X','2019-04-29 13:00:00',4.9,1.3,192.0,0.0,28.0,922.5,60.0,23.3,22.8,22.3,NULL),('2374X','2019-04-29 14:00:00',4.5,1.4,204.0,0.0,28.0,922.3,60.0,23.4,23.4,22.4,NULL),('2374X','2019-04-29 15:00:00',4.1,1.1,270.0,0.0,26.0,922.2,60.0,23.6,23.2,23.0,NULL),('2374X','2019-04-29 16:00:00',3.5,1.0,144.0,0.0,32.0,922.1,17.0,23.2,21.3,21.3,NULL),('2374X','2019-05-01 14:00:00',10.4,4.1,49.0,0.0,48.0,918.9,27.0,23.5,18.8,18.8,NULL),('2374X','2019-05-01 15:00:00',11.6,5.8,40.0,0.0,52.0,919.4,44.0,18.8,16.2,16.2,NULL),('2374X','2019-05-01 16:00:00',12.1,4.3,38.0,0.0,62.0,919.9,2.0,16.3,12.9,12.9,NULL),('2374X','2019-05-01 17:00:00',13.0,5.4,39.0,0.0,70.0,920.7,0.0,12.8,10.6,10.6,NULL),('2374X','2019-05-01 18:00:00',12.1,5.0,49.0,0.0,79.0,921.5,0.0,10.5,8.8,8.8,NULL),('2374X','2019-05-01 19:00:00',11.0,3.0,45.0,0.0,80.0,922.3,0.0,8.8,8.0,8.0,NULL),('2374X','2019-05-01 20:00:00',10.5,3.2,53.0,0.0,78.0,922.6,0.0,8.0,7.4,7.4,NULL),('2374X','2019-05-01 21:00:00',6.8,2.4,72.0,0.0,78.0,923.1,0.0,7.4,6.4,6.4,NULL),('2374X','2019-05-01 22:00:00',7.8,2.6,62.0,0.0,75.0,922.9,0.0,6.4,5.9,5.9,NULL),('2374X','2019-05-01 23:00:00',8.8,3.9,52.0,0.0,73.0,922.3,0.0,5.9,5.6,5.6,NULL),('2374X','2019-05-02 00:00:00',9.9,3.8,46.0,0.0,71.0,922.1,0.0,5.6,5.2,5.2,NULL),('2374X','2019-05-02 01:00:00',7.7,3.5,42.0,0.0,73.0,921.9,0.0,5.2,4.5,4.5,NULL),('2374X','2019-05-02 02:00:00',6.7,2.6,49.0,0.0,70.0,922.1,0.0,4.5,4.0,4.0,NULL),('2374X','2019-05-02 03:00:00',6.0,2.5,48.0,0.0,74.0,922.2,0.0,4.0,3.4,3.4,NULL),('2374X','2019-05-02 04:00:00',6.8,2.9,37.0,0.0,72.0,922.8,7.0,4.0,4.0,3.4,NULL),('2374X','2019-05-02 05:00:00',11.8,4.4,52.0,0.0,64.0,923.0,59.0,6.6,6.6,4.1,NULL),('2374X','2019-05-02 06:00:00',11.1,3.9,65.0,0.0,52.0,923.4,59.0,9.4,9.4,6.7,NULL),('2374X','2019-05-02 07:00:00',11.6,4.0,53.0,0.0,48.0,923.2,60.0,11.0,11.0,9.4,NULL),('2374X','2019-05-02 08:00:00',11.7,4.1,47.0,0.0,42.0,923.2,60.0,12.7,12.7,11.1,NULL),('2374X','2019-05-02 09:00:00',11.4,3.2,67.0,0.0,42.0,922.9,60.0,14.8,14.8,12.7,NULL),('2374X','2019-05-02 10:00:00',9.8,3.3,69.0,0.0,37.0,922.3,60.0,16.0,15.7,14.5,NULL),('2374X','2019-05-02 11:00:00',8.9,3.6,65.0,0.0,34.0,922.1,60.0,16.8,16.6,15.6,NULL),('2374X','2019-05-02 12:00:00',9.4,3.0,74.0,0.0,33.0,921.6,60.0,17.3,17.1,16.3,NULL),('2374X','2019-05-02 13:00:00',8.8,3.1,67.0,0.0,34.0,921.0,60.0,17.7,17.6,17.1,NULL),('2374X','2019-05-02 14:00:00',9.8,2.8,76.0,0.0,36.0,920.6,60.0,17.7,17.5,17.2,NULL),('2374X','2019-05-16 14:00:00',6.4,2.8,345.0,0.0,48.0,912.6,1.0,18.3,18.3,17.8,NULL),('2374X','2019-05-16 15:00:00',5.5,0.3,302.0,0.0,51.0,912.5,7.0,19.1,17.8,17.8,NULL),('2374X','2019-05-16 16:00:00',3.0,0.9,314.0,0.2,76.0,912.2,0.0,17.7,14.7,14.7,NULL),('2374X','2019-05-16 17:00:00',15.9,2.0,84.0,0.2,81.0,912.3,0.0,14.6,12.1,12.1,NULL),('2374X','2019-05-16 18:00:00',12.3,5.2,326.0,0.0,83.0,913.5,0.0,12.1,9.3,9.3,NULL),('2374X','2019-05-16 19:00:00',10.7,5.1,3.0,2.6,84.0,914.2,0.0,9.3,7.8,7.8,NULL),('2374X','2019-05-16 20:00:00',8.4,1.1,96.0,0.2,84.0,914.9,0.0,8.0,7.9,7.8,NULL),('2374X','2019-05-16 21:00:00',2.5,0.6,267.0,0.2,91.0,914.4,0.0,8.0,8.0,7.8,NULL),('2374X','2019-05-16 22:00:00',3.2,0.9,232.0,0.0,92.0,913.9,0.0,8.1,8.1,7.9,NULL),('2374X','2019-05-16 23:00:00',5.5,1.1,251.0,0.0,85.0,913.3,0.0,8.1,7.3,7.3,NULL),('2374X','2019-05-17 00:00:00',3.8,0.7,101.0,0.0,93.0,912.9,0.0,7.2,7.0,6.6,NULL),('2374X','2019-05-17 01:00:00',3.0,0.6,302.0,0.0,85.0,913.0,0.0,7.3,7.2,7.0,NULL),('2374X','2019-05-17 02:00:00',4.6,1.0,239.0,0.0,86.0,913.1,0.0,7.2,6.5,6.5,NULL),('2374X','2019-05-17 03:00:00',5.3,0.9,262.0,0.0,89.0,913.5,0.0,6.5,6.1,6.1,NULL),('2374X','2019-05-17 04:00:00',4.6,0.8,98.0,0.0,83.0,914.1,26.0,7.3,7.3,6.1,NULL),('2374X','2019-05-17 05:00:00',4.6,1.2,297.0,0.0,71.0,914.9,60.0,10.0,10.0,7.4,NULL),('2374X','2019-05-17 06:00:00',11.4,3.9,331.0,0.0,59.0,915.4,47.0,10.8,10.2,10.0,NULL),('2374X','2019-05-17 07:00:00',8.8,2.9,328.0,0.0,60.0,915.9,38.0,11.1,11.0,10.1,NULL),('2374X','2019-05-17 08:00:00',11.0,3.8,326.0,0.0,55.0,916.4,53.0,12.1,12.1,11.0,NULL),('2374X','2019-05-17 09:00:00',9.8,3.0,315.0,0.0,53.0,916.5,50.0,13.4,13.4,12.1,NULL),('2374X','2019-05-17 10:00:00',11.7,2.1,297.0,0.0,48.0,916.7,28.0,14.4,14.2,13.0,NULL),('2374X','2019-05-17 11:00:00',9.4,2.4,326.0,0.0,46.0,916.5,40.0,15.0,15.0,13.2,NULL),('2374X','2019-05-17 12:00:00',9.7,2.7,325.0,0.0,49.0,916.7,20.0,16.0,13.3,13.3,NULL),('2374X','2019-05-17 13:00:00',8.9,3.6,351.0,0.0,53.0,916.5,13.0,14.0,12.7,12.4,NULL),('7247X','2019-04-09 14:00:00',14.0,2.7,282.0,0.0,72.0,NULL,NULL,14.3,9.4,8.9,NULL),('7247X','2019-04-09 15:00:00',9.7,3.9,251.0,0.0,51.0,NULL,NULL,12.3,11.7,9.3,NULL),('7247X','2019-04-09 16:00:00',9.3,3.4,268.0,0.0,55.0,NULL,NULL,11.7,10.3,10.3,NULL),('7247X','2019-04-09 17:00:00',7.2,2.9,239.0,0.0,65.0,NULL,NULL,10.3,8.9,8.8,NULL),('7247X','2019-04-09 18:00:00',4.5,3.0,212.0,0.0,70.0,NULL,NULL,8.9,8.0,8.0,NULL),('7247X','2019-04-09 19:00:00',6.2,1.8,302.0,0.0,67.0,NULL,NULL,8.8,8.6,7.9,NULL),('7247X','2019-04-09 20:00:00',4.7,2.8,204.0,0.0,75.0,NULL,NULL,8.6,6.9,6.8,NULL),('7247X','2019-04-09 21:00:00',4.5,2.6,212.0,0.0,76.0,NULL,NULL,6.9,6.7,6.3,NULL),('7247X','2019-04-09 22:00:00',6.8,2.5,206.0,0.0,75.0,NULL,NULL,7.4,6.9,6.7,NULL),('7247X','2019-04-09 23:00:00',5.0,2.4,210.0,0.0,72.0,NULL,NULL,7.1,7.0,6.8,NULL),('7247X','2019-04-10 00:00:00',6.1,2.3,270.0,0.0,67.0,NULL,NULL,8.0,7.8,6.7,NULL),('7247X','2019-04-10 01:00:00',6.7,1.1,275.0,0.0,68.0,NULL,NULL,7.9,7.4,7.4,NULL),('7247X','2019-04-10 02:00:00',3.3,1.2,238.0,0.0,72.0,NULL,NULL,7.4,6.9,6.8,NULL),('7247X','2019-04-10 03:00:00',2.9,1.5,193.0,0.0,77.0,NULL,NULL,6.9,5.7,5.6,NULL),('7247X','2019-04-10 04:00:00',3.7,1.8,153.0,0.0,78.0,NULL,NULL,5.9,5.9,5.1,NULL),('7247X','2019-04-10 05:00:00',5.3,1.5,265.0,0.0,68.0,NULL,NULL,8.1,7.8,5.9,NULL),('7247X','2019-04-10 06:00:00',7.0,2.9,280.0,0.0,65.0,NULL,NULL,8.2,8.2,7.7,NULL),('7247X','2019-04-10 07:00:00',7.4,3.2,310.0,0.0,58.0,NULL,NULL,9.1,9.1,8.2,NULL),('7247X','2019-04-10 08:00:00',8.6,3.4,291.0,0.0,50.0,NULL,NULL,10.9,10.4,9.1,NULL),('7247X','2019-04-10 09:00:00',8.6,3.0,308.0,0.0,49.0,NULL,NULL,10.8,10.8,10.2,NULL),('7247X','2019-04-10 10:00:00',8.5,1.8,316.0,0.0,43.0,NULL,NULL,13.0,12.2,10.8,NULL),('7247X','2019-04-10 11:00:00',8.3,3.5,283.0,0.0,46.0,NULL,NULL,12.7,11.7,11.3,NULL),('7247X','2019-04-10 12:00:00',9.8,2.8,262.0,0.0,47.0,NULL,NULL,12.6,11.9,11.0,NULL),('7247X','2019-04-10 13:00:00',11.3,4.7,260.0,0.0,64.0,NULL,NULL,11.9,8.8,8.8,NULL),('7247X','2019-04-10 14:00:00',10.3,3.6,236.0,0.2,61.0,NULL,NULL,8.9,8.8,7.8,NULL),('7247X','2019-04-10 15:00:00',7.3,3.9,207.0,0.0,68.0,NULL,NULL,9.2,8.9,8.3,NULL),('7247X','2019-04-10 16:00:00',7.4,4.1,211.0,0.0,69.0,NULL,NULL,8.9,8.3,8.1,NULL),('7247X','2019-04-10 17:00:00',7.5,3.5,218.0,0.0,76.0,NULL,NULL,8.3,7.5,7.5,NULL),('7247X','2019-04-10 18:00:00',5.9,1.6,251.0,0.0,79.0,NULL,NULL,7.5,7.0,7.0,NULL),('7247X','2019-04-10 19:00:00',4.4,1.8,27.0,0.0,77.0,NULL,NULL,7.1,6.0,5.7,NULL),('7247X','2019-04-10 20:00:00',5.4,1.2,295.0,0.0,69.0,NULL,NULL,7.2,6.9,6.1,NULL),('7247X','2019-04-10 21:00:00',5.0,1.6,311.0,0.0,69.0,NULL,NULL,7.3,6.9,6.9,NULL),('7247X','2019-04-10 22:00:00',4.8,1.1,283.0,0.0,72.0,NULL,NULL,6.9,6.4,6.0,NULL),('7247X','2019-04-10 23:00:00',4.3,1.8,357.0,0.0,73.0,NULL,NULL,6.4,6.1,5.7,NULL),('7247X','2019-04-11 00:00:00',4.4,2.4,350.0,0.0,73.0,NULL,NULL,6.2,5.9,5.4,NULL),('7247X','2019-04-11 01:00:00',5.8,2.7,334.0,0.0,73.0,NULL,NULL,6.0,5.9,5.8,NULL),('7247X','2019-04-11 02:00:00',5.9,2.0,348.0,0.0,73.0,NULL,NULL,6.1,5.6,5.5,NULL),('7247X','2019-04-11 03:00:00',3.9,1.8,354.0,0.0,76.0,NULL,NULL,5.6,4.8,4.2,NULL),('7247X','2019-04-11 04:00:00',5.4,1.7,358.0,0.0,72.0,NULL,NULL,5.5,5.5,4.9,NULL),('7247X','2019-04-11 05:00:00',5.8,3.4,328.0,0.0,62.0,NULL,NULL,7.1,7.1,5.6,NULL),('7247X','2019-04-11 06:00:00',6.9,3.4,327.0,0.0,56.0,NULL,NULL,8.3,8.3,7.1,NULL),('7247X','2019-04-11 07:00:00',7.1,2.9,306.0,0.0,52.0,NULL,NULL,9.7,9.6,8.2,NULL),('7247X','2019-04-11 08:00:00',7.0,1.8,323.0,0.0,46.0,NULL,NULL,11.3,11.3,9.6,NULL),('7247X','2019-04-11 09:00:00',4.8,2.1,318.0,0.0,43.0,NULL,NULL,12.8,12.8,11.0,NULL),('7247X','2019-04-11 10:00:00',3.6,1.0,340.0,0.0,35.0,NULL,NULL,14.0,13.9,12.8,NULL),('7247X','2019-04-11 11:00:00',1.9,1.0,325.0,0.0,32.0,NULL,NULL,15.0,14.8,13.8,NULL),('7247X','2019-04-11 15:00:00',4.8,2.5,282.0,0.0,29.0,NULL,NULL,15.8,15.6,14.5,NULL),('7247X','2019-04-11 16:00:00',7.2,3.3,284.0,0.0,30.0,NULL,NULL,15.7,14.2,14.1,NULL),('7247X','2019-04-11 17:00:00',7.6,2.2,290.0,0.0,35.0,NULL,NULL,14.2,12.2,12.2,NULL),('7247X','2019-04-11 18:00:00',5.6,1.9,319.0,0.0,36.0,NULL,NULL,12.2,11.7,11.6,NULL),('7247X','2019-04-11 19:00:00',6.4,1.3,43.0,0.0,43.0,NULL,NULL,11.7,10.3,10.3,NULL),('7247X','2019-04-11 20:00:00',2.2,1.3,205.0,0.0,54.0,NULL,NULL,10.3,7.8,7.8,NULL),('7247X','2019-04-11 21:00:00',2.1,0.4,89.0,0.0,62.0,NULL,NULL,7.8,6.0,6.0,NULL),('7247X','2019-04-11 22:00:00',2.5,1.7,42.0,0.0,60.0,NULL,NULL,6.7,6.5,5.7,NULL),('7247X','2019-04-11 23:00:00',4.7,1.7,50.0,0.0,56.0,NULL,NULL,8.5,7.3,6.5,NULL),('7247X','2019-04-12 00:00:00',2.9,1.2,52.0,0.0,60.0,NULL,NULL,7.3,6.7,6.2,NULL),('7247X','2019-04-12 01:00:00',2.9,0.7,78.0,0.0,60.0,NULL,NULL,6.9,6.2,5.9,NULL),('7247X','2019-04-12 02:00:00',2.8,0.4,124.0,0.0,70.0,NULL,NULL,6.2,4.0,4.0,NULL),('7247X','2019-04-12 03:00:00',2.5,1.3,206.0,0.0,74.0,NULL,NULL,4.1,3.2,3.1,NULL),('7247X','2019-04-12 04:00:00',3.8,0.9,56.0,0.0,70.0,NULL,NULL,4.7,4.1,3.2,NULL),('7247X','2019-04-12 07:00:00',2.8,1.1,312.0,0.0,46.0,NULL,NULL,9.5,9.5,8.8,NULL),('7247X','2019-04-12 08:00:00',4.3,0.9,324.0,0.0,39.0,NULL,NULL,11.5,11.5,9.5,NULL),('7247X','2019-04-12 09:00:00',3.8,0.7,323.0,0.0,34.0,NULL,NULL,13.1,13.1,11.5,NULL),('7247X','2019-04-12 10:00:00',2.9,0.7,310.0,0.0,29.0,NULL,NULL,14.6,14.5,13.1,NULL),('7247X','2019-04-12 11:00:00',2.0,0.9,288.0,0.0,29.0,NULL,NULL,15.5,15.5,14.5,NULL),('7247X','2019-04-12 12:00:00',2.0,1.1,283.0,0.0,28.0,NULL,NULL,16.5,16.3,15.4,NULL),('7247X','2019-04-12 13:00:00',1.8,1.0,298.0,0.0,28.0,NULL,NULL,16.8,16.7,16.2,NULL),('7247X','2019-04-12 14:00:00',1.8,1.0,287.0,0.0,26.0,NULL,NULL,16.9,16.7,16.3,NULL),('7247X','2019-04-12 15:00:00',1.8,1.2,295.0,0.0,27.0,NULL,NULL,16.9,16.3,16.2,NULL),('7247X','2019-04-12 16:00:00',2.4,1.5,299.0,0.0,29.0,NULL,NULL,16.2,15.1,15.1,NULL),('7247X','2019-04-14 13:00:00',1.4,0.3,274.0,0.0,23.0,NULL,NULL,23.2,22.9,22.3,NULL),('7247X','2019-04-14 14:00:00',1.3,0.5,279.0,0.0,23.0,NULL,NULL,23.5,23.4,22.7,NULL),('7247X','2019-04-14 15:00:00',1.3,0.5,258.0,0.0,23.0,NULL,NULL,23.4,23.1,23.0,NULL),('7247X','2019-04-14 16:00:00',1.3,0.5,185.0,0.0,26.0,NULL,NULL,23.2,20.8,20.8,NULL),('7247X','2019-04-14 17:00:00',2.6,2.0,186.0,0.0,30.0,NULL,NULL,20.8,18.3,18.3,NULL),('7247X','2019-04-14 18:00:00',2.7,1.8,198.0,0.0,33.0,NULL,NULL,18.3,17.2,17.2,NULL),('7247X','2019-04-14 19:00:00',2.5,0.9,272.0,0.0,41.0,NULL,NULL,17.2,14.8,14.8,NULL),('7247X','2019-04-14 20:00:00',1.7,0.9,39.0,0.0,53.0,NULL,NULL,14.7,11.7,11.7,NULL),('7247X','2019-04-14 21:00:00',1.6,1.3,49.0,0.0,57.0,NULL,NULL,11.7,11.1,11.1,NULL),('7247X','2019-04-14 22:00:00',2.4,1.7,60.0,0.0,61.0,NULL,NULL,11.1,10.8,10.8,NULL),('7247X','2019-04-14 23:00:00',2.2,1.5,50.0,0.0,65.0,NULL,NULL,11.0,10.2,10.2,NULL),('7247X','2019-04-15 00:00:00',1.9,0.7,50.0,0.0,68.0,NULL,NULL,10.3,9.9,9.8,NULL),('7247X','2019-04-15 01:00:00',2.5,1.8,52.0,0.0,68.0,NULL,NULL,11.4,11.4,9.9,NULL),('7247X','2019-04-15 02:00:00',2.9,2.1,47.0,0.0,70.0,NULL,NULL,12.4,11.1,10.8,NULL),('7247X','2019-04-15 03:00:00',2.8,2.0,47.0,0.0,75.0,NULL,NULL,11.2,10.2,10.2,NULL),('7247X','2019-04-15 04:00:00',2.7,1.6,47.0,0.0,74.0,NULL,NULL,11.3,11.3,9.9,NULL),('7247X','2019-04-15 05:00:00',3.3,2.0,351.0,0.0,68.0,NULL,NULL,12.4,12.4,11.3,NULL),('7247X','2019-04-15 06:00:00',3.0,1.4,9.0,0.0,62.0,NULL,NULL,14.5,14.5,12.4,NULL),('7247X','2019-04-15 07:00:00',1.7,0.4,56.0,0.0,42.0,NULL,NULL,18.4,18.4,14.5,NULL),('7247X','2019-04-15 08:00:00',1.1,0.1,71.0,0.0,35.0,NULL,NULL,19.7,19.6,18.4,NULL),('7247X','2019-04-15 09:00:00',0.9,0.1,78.0,0.0,35.0,NULL,NULL,20.5,19.9,19.6,NULL),('7247X','2019-04-15 10:00:00',1.4,0.3,147.0,0.0,38.0,NULL,NULL,21.0,20.9,19.9,NULL),('7247X','2019-04-15 11:00:00',1.4,0.3,194.0,0.0,39.0,NULL,NULL,21.1,20.4,20.3,NULL),('7247X','2019-04-15 12:00:00',1.5,0.7,186.0,0.0,45.0,NULL,NULL,20.7,18.6,18.6,NULL),('7247X','2019-04-15 13:00:00',NULL,0.3,NULL,NULL,NULL,NULL,NULL,NULL,NULL,NULL,NULL),('7247X','2019-04-15 14:00:00',1.5,0.4,194.0,0.0,50.0,NULL,NULL,18.8,18.5,17.8,NULL),('7247X','2019-04-15 15:00:00',1.5,0.4,198.0,0.0,52.0,NULL,NULL,18.7,17.9,17.9,NULL),('7247X','2019-04-28 17:00:00',2.5,1.4,349.0,0.0,45.0,NULL,NULL,17.7,14.6,14.6,NULL),('7247X','2019-04-28 18:00:00',3.2,1.5,25.0,0.0,56.0,NULL,NULL,14.5,12.5,12.5,NULL),('7247X','2019-04-28 19:00:00',2.6,1.2,67.0,0.0,69.0,NULL,NULL,12.5,10.3,10.3,NULL),('7247X','2019-04-28 20:00:00',2.2,1.2,34.0,0.0,76.0,NULL,NULL,10.3,9.2,9.1,NULL),('7247X','2019-04-28 21:00:00',2.3,0.9,63.0,0.0,79.0,NULL,NULL,9.2,8.0,7.9,NULL),('7247X','2019-04-28 22:00:00',1.5,0.8,40.0,0.0,82.0,NULL,NULL,8.0,7.2,7.1,NULL),('7247X','2019-04-28 23:00:00',1.8,0.9,71.0,0.0,83.0,NULL,NULL,7.2,6.6,6.6,NULL),('7247X','2019-04-29 00:00:00',1.9,1.1,51.0,0.0,87.0,NULL,NULL,6.7,6.1,6.0,NULL),('7247X','2019-04-29 01:00:00',1.9,1.0,63.0,0.0,87.0,NULL,NULL,6.0,5.7,5.6,NULL),('7247X','2019-04-29 02:00:00',2.2,1.4,60.0,0.0,88.0,NULL,NULL,5.7,5.2,5.2,NULL),('7247X','2019-04-29 03:00:00',2.2,1.1,66.0,0.0,88.0,NULL,NULL,5.2,5.2,5.0,NULL),('7247X','2019-04-29 04:00:00',1.3,0.3,72.0,0.0,80.0,NULL,NULL,7.3,7.3,5.0,NULL),('7247X','2019-04-29 05:00:00',1.4,0.5,44.0,0.0,57.0,NULL,NULL,11.3,11.3,7.4,NULL),('7247X','2019-04-29 06:00:00',1.5,0.3,14.0,0.0,50.0,NULL,NULL,13.5,13.5,11.4,NULL),('7247X','2019-04-29 07:00:00',1.6,0.9,105.0,0.0,46.0,NULL,NULL,15.2,15.2,13.6,NULL),('7247X','2019-04-29 08:00:00',1.8,1.3,208.0,0.0,46.0,NULL,NULL,16.5,16.4,15.3,NULL),('7247X','2019-04-29 09:00:00',2.1,1.5,202.0,0.0,50.0,NULL,NULL,17.4,17.1,16.4,NULL),('7247X','2019-04-29 10:00:00',1.9,1.1,177.0,0.0,44.0,NULL,NULL,18.3,18.1,17.2,NULL),('7247X','2019-04-29 11:00:00',1.9,1.2,191.0,0.0,47.0,NULL,NULL,18.7,18.5,17.9,NULL),('7247X','2019-04-29 12:00:00',1.9,1.2,191.0,0.0,48.0,NULL,NULL,19.0,18.1,18.1,NULL),('7247X','2019-04-29 13:00:00',2.4,1.2,185.0,0.0,51.0,NULL,NULL,18.1,17.6,17.4,NULL),('7247X','2019-04-29 14:00:00',2.0,1.5,198.0,0.0,54.0,NULL,NULL,17.8,17.4,17.2,NULL),('7247X','2019-04-29 15:00:00',3.0,1.9,182.0,0.0,62.0,NULL,NULL,17.3,16.0,15.8,NULL),('7247X','2019-04-29 16:00:00',4.6,2.5,203.0,0.0,72.0,NULL,NULL,16.4,13.8,13.8,NULL),('7247X','2019-05-01 14:00:00',1.9,1.3,142.0,0.0,42.0,NULL,NULL,18.7,17.6,17.4,NULL),('7247X','2019-05-01 15:00:00',1.7,0.9,64.0,0.0,39.0,NULL,NULL,18.1,16.9,16.9,NULL),('7247X','2019-05-01 16:00:00',2.7,2.1,67.0,0.0,41.0,NULL,NULL,16.8,14.7,14.6,NULL),('7247X','2019-05-01 17:00:00',3.2,1.9,53.0,0.0,47.0,NULL,NULL,14.7,13.2,13.2,NULL),('7247X','2019-05-01 18:00:00',3.3,0.7,63.0,0.0,56.0,NULL,NULL,13.2,12.1,12.0,NULL),('7247X','2019-05-01 19:00:00',3.5,0.3,4.0,0.0,63.0,NULL,NULL,12.5,12.0,12.0,NULL),('7247X','2019-05-01 20:00:00',3.0,0.5,99.0,0.0,63.0,NULL,NULL,12.2,11.5,11.4,NULL),('7247X','2019-05-01 21:00:00',2.2,0.1,328.0,0.0,62.0,NULL,NULL,11.5,11.3,11.1,NULL),('7247X','2019-05-01 22:00:00',2.8,0.9,183.0,0.0,61.0,NULL,NULL,11.4,11.2,11.0,NULL),('7247X','2019-05-01 23:00:00',2.3,1.0,63.0,0.0,72.0,NULL,NULL,11.2,9.9,9.9,NULL),('7247X','2019-05-02 00:00:00',3.8,2.2,40.0,0.0,72.0,NULL,NULL,9.8,9.5,9.4,NULL),('7247X','2019-05-02 01:00:00',3.3,1.8,12.0,0.0,61.0,NULL,NULL,10.4,10.4,9.3,NULL),('7247X','2019-05-02 02:00:00',2.9,0.9,69.0,0.0,70.0,NULL,NULL,10.6,10.4,9.9,NULL),('7247X','2019-05-02 03:00:00',1.9,0.9,169.0,0.0,76.0,NULL,NULL,10.6,9.5,9.5,NULL),('7247X','2019-05-02 04:00:00',1.9,1.1,64.0,0.0,83.0,NULL,NULL,10.6,10.5,9.1,NULL),('7247X','2019-05-02 05:00:00',3.2,2.4,43.0,0.0,75.0,NULL,NULL,12.4,12.2,10.4,NULL),('7247X','2019-05-02 06:00:00',3.5,1.9,52.0,0.0,64.0,NULL,NULL,14.5,14.5,12.3,NULL),('7247X','2019-05-02 07:00:00',1.8,0.9,83.0,0.0,35.0,NULL,NULL,17.0,16.8,14.6,NULL),('7247X','2019-05-02 08:00:00',1.6,0.9,96.0,0.0,34.0,NULL,NULL,17.9,17.9,16.4,NULL),('7247X','2019-05-02 09:00:00',1.6,0.7,71.0,0.0,34.0,NULL,NULL,18.7,18.5,17.8,NULL),('7247X','2019-05-02 10:00:00',1.6,0.5,78.0,0.0,32.0,NULL,NULL,19.2,19.0,18.2,NULL),('7247X','2019-05-02 11:00:00',1.6,0.4,75.0,0.0,29.0,NULL,NULL,19.6,19.0,18.0,NULL),('7247X','2019-05-02 12:00:00',1.5,0.5,117.0,0.0,28.0,NULL,NULL,20.3,20.2,18.7,NULL),('7247X','2019-05-02 13:00:00',1.5,0.5,126.0,0.0,29.0,NULL,NULL,20.3,19.2,19.1,NULL),('7247X','2019-05-02 14:00:00',1.6,0.9,92.0,0.0,34.0,NULL,NULL,19.5,17.9,17.5,NULL),('7247X','2019-05-16 14:00:00',1.4,0.5,193.0,0.0,49.0,NULL,NULL,24.6,22.2,22.2,NULL),('7247X','2019-05-16 15:00:00',1.5,0.7,189.0,0.0,51.0,NULL,NULL,22.3,21.4,21.4,NULL),('7247X','2019-05-16 16:00:00',2.9,2.1,200.0,0.0,60.0,NULL,NULL,21.3,18.7,18.7,NULL),('7247X','2019-05-16 17:00:00',4.2,2.5,187.0,0.0,70.0,NULL,NULL,18.7,16.3,16.3,NULL),('7247X','2019-05-16 18:00:00',4.4,2.3,208.0,0.0,75.0,NULL,NULL,16.3,15.3,15.3,NULL),('7247X','2019-05-16 19:00:00',3.1,1.2,60.0,0.0,81.0,NULL,NULL,15.4,14.2,14.2,NULL),('7247X','2019-05-16 20:00:00',1.9,0.8,71.0,0.0,86.0,NULL,NULL,14.2,13.1,13.1,NULL),('7247X','2019-05-16 21:00:00',1.8,1.1,70.0,0.0,88.0,NULL,NULL,13.2,12.7,12.6,NULL),('7247X','2019-05-16 22:00:00',1.5,0.8,49.0,0.0,89.0,NULL,NULL,12.7,12.6,12.5,NULL),('7247X','2019-05-16 23:00:00',2.0,0.6,258.0,0.0,89.0,NULL,NULL,12.6,12.2,12.0,NULL),('7247X','2019-05-17 00:00:00',5.3,2.4,197.0,0.0,70.0,NULL,NULL,15.1,15.1,12.2,NULL),('7247X','2019-05-17 01:00:00',6.6,1.5,296.0,0.0,50.0,NULL,NULL,16.7,16.6,14.9,NULL),('7247X','2019-05-17 02:00:00',8.2,3.0,286.0,0.0,53.0,NULL,NULL,16.7,15.6,15.6,NULL),('7247X','2019-05-17 03:00:00',8.7,2.5,307.0,0.0,53.0,NULL,NULL,15.5,14.1,14.1,NULL),('7247X','2019-05-17 04:00:00',6.1,2.2,309.0,0.0,55.0,NULL,NULL,14.8,14.0,13.9,NULL),('7247X','2019-05-17 05:00:00',7.8,1.9,296.0,0.0,47.0,NULL,NULL,15.2,15.1,13.8,NULL),('7247X','2019-05-17 06:00:00',10.6,1.6,288.0,0.0,42.0,NULL,NULL,17.1,16.0,14.9,NULL),('7247X','2019-05-17 07:00:00',4.1,0.5,305.0,0.0,36.0,NULL,NULL,18.5,18.4,16.0,NULL),('7247X','2019-05-17 08:00:00',2.3,0.7,283.0,0.0,31.0,NULL,NULL,20.6,20.6,18.4,NULL),('7247X','2019-05-17 09:00:00',2.6,1.0,272.0,0.0,29.0,NULL,NULL,21.3,21.0,20.2,NULL),('7247X','2019-05-17 10:00:00',2.0,0.4,289.0,0.0,30.0,NULL,NULL,21.3,20.8,20.4,NULL),('7247X','2019-05-17 11:00:00',1.7,0.6,302.0,0.0,31.0,NULL,NULL,22.2,21.2,19.3,NULL),('7247X','2019-05-17 12:00:00',1.5,0.4,302.0,0.0,30.0,NULL,NULL,21.9,21.0,20.8,NULL),('7247X','2019-05-17 13:00:00',2.2,0.4,308.0,0.0,30.0,NULL,NULL,21.4,19.7,19.3,NULL),('9244X','2019-04-14 15:00:00',10.7,5.1,341.0,0.0,66.0,NULL,NULL,18.3,16.2,16.2,NULL),('9244X','2019-04-14 16:00:00',8.4,4.0,328.0,0.0,72.0,NULL,NULL,16.3,15.4,15.4,NULL),('9244X','2019-04-14 17:00:00',8.1,2.4,312.0,0.0,77.0,NULL,NULL,15.3,14.4,14.4,NULL),('9244X','2019-04-14 18:00:00',4.0,0.7,324.0,0.0,83.0,NULL,NULL,14.4,13.2,13.2,NULL),('9244X','2019-04-14 19:00:00',3.0,0.4,235.0,0.0,87.0,NULL,NULL,13.3,12.1,12.1,NULL),('9244X','2019-04-14 20:00:00',2.8,1.6,207.0,0.0,91.0,NULL,NULL,12.4,11.1,10.9,NULL),('9244X','2019-04-14 21:00:00',2.9,1.2,205.0,0.0,94.0,NULL,NULL,11.1,9.9,9.7,NULL),('9244X','2019-04-14 22:00:00',2.7,0.6,203.0,0.0,96.0,NULL,NULL,9.8,9.4,9.4,NULL),('9244X','2019-04-14 23:00:00',2.6,0.7,201.0,0.0,98.0,NULL,NULL,9.9,9.2,9.1,NULL),('9244X','2019-04-15 00:00:00',1.8,0.1,207.0,0.0,98.0,NULL,NULL,9.1,8.6,8.6,NULL),('9244X','2019-04-15 01:00:00',2.3,0.4,269.0,0.0,98.0,NULL,NULL,9.1,8.6,8.5,NULL),('9244X','2019-04-15 02:00:00',3.5,0.3,312.0,0.0,98.0,NULL,NULL,9.2,8.7,8.4,NULL),('9244X','2019-04-15 03:00:00',2.0,0.6,194.0,0.0,98.0,NULL,NULL,9.3,8.0,8.0,NULL),('9244X','2019-04-15 04:00:00',2.4,1.0,206.0,0.0,99.0,NULL,NULL,8.1,8.0,7.5,NULL),('9244X','2019-04-15 05:00:00',2.2,0.1,270.0,0.0,99.0,NULL,NULL,10.6,10.6,7.9,NULL),('9244X','2019-04-15 06:00:00',3.0,0.9,309.0,0.0,90.0,NULL,NULL,13.4,13.4,10.9,NULL),('9244X','2019-04-15 07:00:00',2.9,0.7,262.0,0.0,77.0,NULL,NULL,15.2,15.2,13.3,NULL),('9244X','2019-04-15 08:00:00',7.3,3.7,223.0,0.0,60.0,NULL,NULL,17.5,17.2,15.2,NULL),('9244X','2019-04-15 09:00:00',10.1,5.1,200.0,0.0,54.0,NULL,NULL,18.7,18.3,17.0,NULL),('9244X','2019-04-15 10:00:00',12.1,6.0,209.0,0.0,51.0,NULL,NULL,19.9,18.7,18.3,NULL),('9244X','2019-04-15 11:00:00',11.3,6.2,199.0,0.0,48.0,NULL,NULL,19.8,19.5,18.3,NULL),('9244X','2019-04-15 12:00:00',11.2,5.5,199.0,0.0,48.0,NULL,NULL,20.1,18.9,18.9,NULL),('9244X','2019-04-15 13:00:00',10.6,4.1,209.0,0.0,48.0,NULL,NULL,19.8,19.1,18.7,NULL),('9244X','2019-04-15 14:00:00',14.2,7.6,196.0,0.0,49.0,NULL,NULL,19.5,18.2,18.2,NULL),('9244X','2019-04-15 15:00:00',14.3,6.6,195.0,0.0,54.0,NULL,NULL,18.2,16.9,16.9,NULL),('9244X','2019-04-28 17:00:00',8.6,4.7,322.0,0.0,63.0,NULL,NULL,14.5,12.2,12.2,NULL),('9244X','2019-04-28 18:00:00',8.0,2.4,298.0,0.0,71.0,NULL,NULL,12.3,10.7,10.6,NULL),('9244X','2019-04-28 19:00:00',7.6,1.8,307.0,0.0,75.0,NULL,NULL,10.7,10.0,10.0,NULL),('9244X','2019-04-28 20:00:00',7.3,3.8,305.0,0.0,78.0,NULL,NULL,10.0,9.3,9.3,NULL),('9244X','2019-04-28 21:00:00',8.4,5.4,324.0,0.0,79.0,NULL,NULL,9.4,9.2,9.1,NULL),('9244X','2019-04-28 22:00:00',9.9,4.9,323.0,0.0,78.0,NULL,NULL,9.4,9.3,9.1,NULL),('9244X','2019-04-28 23:00:00',9.5,4.5,328.0,0.0,77.0,NULL,NULL,9.4,9.0,9.0,NULL),('9244X','2019-04-29 00:00:00',7.6,2.4,332.0,0.0,80.0,NULL,NULL,9.0,8.3,8.2,NULL),('9244X','2019-04-29 01:00:00',4.7,0.5,202.0,0.0,83.0,NULL,NULL,8.5,7.4,7.4,NULL),('9244X','2019-04-29 02:00:00',1.8,0.2,262.0,0.0,88.0,NULL,NULL,7.4,5.6,5.6,NULL),('9244X','2019-04-29 03:00:00',2.4,1.0,202.0,0.0,94.0,NULL,NULL,5.6,5.3,5.1,NULL),('9244X','2019-04-29 04:00:00',2.3,0.5,245.0,0.0,95.0,NULL,NULL,6.9,6.9,5.1,NULL),('9244X','2019-04-29 05:00:00',3.0,1.3,314.0,0.0,84.0,NULL,NULL,9.5,9.5,6.9,NULL),('9244X','2019-04-29 06:00:00',5.4,1.8,297.0,0.0,77.0,NULL,NULL,10.5,10.4,9.4,NULL),('9244X','2019-04-29 07:00:00',4.3,1.4,317.0,0.0,70.0,NULL,NULL,12.9,12.8,10.4,NULL),('9244X','2019-04-29 08:00:00',3.5,0.9,320.0,0.0,62.0,NULL,NULL,15.8,15.6,12.6,NULL),('9244X','2019-04-29 09:00:00',5.0,1.7,304.0,0.0,55.0,NULL,NULL,17.7,17.0,15.2,NULL),('9244X','2019-04-29 10:00:00',6.1,2.6,320.0,0.0,52.0,NULL,NULL,18.6,18.5,17.0,NULL),('9244X','2019-04-29 11:00:00',5.7,1.9,300.0,0.0,45.0,NULL,NULL,20.2,20.1,18.4,NULL),('9244X','2019-04-29 12:00:00',7.0,2.4,311.0,0.0,42.0,NULL,NULL,20.8,20.5,19.7,NULL),('9244X','2019-04-29 13:00:00',8.2,3.2,318.0,0.0,40.0,NULL,NULL,20.7,20.7,20.0,NULL),('9244X','2019-04-29 14:00:00',7.8,3.5,328.0,0.0,39.0,NULL,NULL,20.7,19.8,19.8,NULL),('9244X','2019-04-29 15:00:00',8.1,4.4,341.0,0.0,43.0,NULL,NULL,20.0,18.8,18.6,NULL),('9244X','2019-04-29 16:00:00',7.2,4.3,331.0,0.0,47.0,NULL,NULL,18.8,17.6,17.5,NULL),('9244X','2019-05-01 14:00:00',9.1,4.7,327.0,0.0,49.0,NULL,NULL,22.3,18.7,18.7,NULL),('9244X','2019-05-01 15:00:00',9.7,5.0,327.0,0.0,54.0,NULL,NULL,18.7,17.2,17.2,NULL),('9244X','2019-05-01 16:00:00',9.5,4.3,331.0,0.0,62.0,NULL,NULL,17.2,15.3,14.9,NULL),('9244X','2019-05-01 17:00:00',8.7,3.4,327.0,0.0,70.0,NULL,NULL,15.3,13.7,13.6,NULL),('9244X','2019-05-01 18:00:00',8.6,4.8,324.0,0.0,79.0,NULL,NULL,13.6,11.7,11.7,NULL),('9244X','2019-05-01 19:00:00',7.3,4.3,327.0,0.0,83.0,NULL,NULL,11.8,11.1,11.0,NULL),('9244X','2019-05-01 20:00:00',7.2,3.9,324.0,0.0,84.0,NULL,NULL,11.2,10.4,10.4,NULL),('9244X','2019-05-01 21:00:00',7.6,3.8,330.0,0.0,84.0,NULL,NULL,10.5,10.2,10.1,NULL),('9244X','2019-05-01 22:00:00',7.6,3.4,327.0,0.0,84.0,NULL,NULL,10.2,9.7,9.7,NULL),('9244X','2019-05-01 23:00:00',7.1,2.5,324.0,0.0,85.0,NULL,NULL,9.8,9.5,9.5,NULL),('9244X','2019-05-02 00:00:00',7.0,3.7,326.0,0.0,88.0,NULL,NULL,9.7,9.0,9.0,NULL),('9244X','2019-05-02 01:00:00',7.4,3.9,321.0,0.0,89.0,NULL,NULL,9.1,9.0,8.9,NULL),('9244X','2019-05-02 02:00:00',8.4,3.3,325.0,0.0,90.0,NULL,NULL,9.0,8.7,8.7,NULL),('9244X','2019-05-02 03:00:00',8.2,3.3,322.0,0.0,92.0,NULL,NULL,8.9,8.7,8.6,NULL),('9244X','2019-05-02 04:00:00',7.5,4.1,326.0,0.0,92.0,NULL,NULL,8.9,8.8,8.6,NULL),('9244X','2019-05-02 05:00:00',6.9,3.9,329.0,0.0,90.0,NULL,NULL,9.8,9.8,8.8,NULL),('9244X','2019-05-02 06:00:00',6.8,3.7,329.0,0.0,81.0,NULL,NULL,12.0,11.9,9.8,NULL),('9244X','2019-05-02 07:00:00',8.2,3.9,326.0,0.0,70.0,NULL,NULL,13.9,13.6,11.9,NULL),('9244X','2019-05-02 08:00:00',8.1,3.6,334.0,0.0,63.0,NULL,NULL,15.2,15.2,13.7,NULL),('9244X','2019-05-02 09:00:00',8.6,4.5,330.0,0.0,59.0,NULL,NULL,16.1,15.4,15.2,NULL),('9244X','2019-05-02 10:00:00',8.1,3.4,335.0,0.0,58.0,NULL,NULL,16.6,16.5,15.4,NULL),('9244X','2019-05-02 11:00:00',9.6,4.0,337.0,0.0,60.0,NULL,NULL,16.5,16.0,15.4,NULL),('9244X','2019-05-02 12:00:00',8.7,4.9,327.0,0.0,60.0,NULL,NULL,16.1,16.1,15.5,NULL),('9244X','2019-05-02 13:00:00',9.9,5.1,327.0,0.0,60.0,NULL,NULL,16.2,15.0,15.0,NULL),('9244X','2019-05-02 14:00:00',11.6,4.5,326.0,0.0,64.0,NULL,NULL,15.2,13.9,13.2,NULL),('9244X','2019-05-16 14:00:00',5.3,1.2,237.0,0.0,42.0,NULL,NULL,24.1,23.9,23.4,NULL),('9244X','2019-05-16 15:00:00',4.7,3.0,320.0,0.0,43.0,NULL,NULL,24.2,22.4,22.4,NULL),('9244X','2019-05-16 16:00:00',9.0,2.4,336.0,0.0,62.0,NULL,NULL,22.3,17.6,17.6,NULL),('9244X','2019-05-16 17:00:00',7.1,2.3,314.0,0.0,77.0,NULL,NULL,17.7,14.9,14.9,NULL),('9244X','2019-05-16 18:00:00',3.6,0.2,314.0,3.7,92.0,NULL,NULL,15.0,13.3,13.3,NULL),('9244X','2019-05-16 19:00:00',5.8,2.6,316.0,1.5,98.0,NULL,NULL,13.3,11.6,11.5,NULL),('9244X','2019-05-16 20:00:00',5.8,0.3,250.0,0.0,98.0,NULL,NULL,11.7,11.4,11.1,NULL),('9244X','2019-05-16 21:00:00',6.3,4.2,330.0,3.2,98.0,NULL,NULL,11.4,11.0,10.9,NULL),('9244X','2019-05-16 22:00:00',7.1,3.4,313.0,0.0,99.0,NULL,NULL,11.0,10.5,10.5,NULL),('9244X','2019-05-16 23:00:00',8.7,3.4,294.0,9.5,99.0,NULL,NULL,10.5,9.4,9.4,NULL),('9244X','2019-05-17 00:00:00',9.5,3.6,315.0,8.6,99.0,NULL,NULL,9.3,7.7,7.7,NULL),('9244X','2019-05-17 01:00:00',9.4,2.2,322.0,6.7,98.0,NULL,NULL,7.7,7.7,7.4,NULL),('9244X','2019-05-17 02:00:00',7.1,2.9,339.0,5.9,99.0,NULL,NULL,7.7,7.5,7.5,NULL),('9244X','2019-05-17 03:00:00',8.2,4.2,324.0,6.9,99.0,NULL,NULL,7.6,7.0,6.9,NULL),('9244X','2019-05-17 04:00:00',6.4,2.1,323.0,4.0,99.0,NULL,NULL,7.3,7.3,6.9,NULL),('9244X','2019-05-17 05:00:00',4.9,1.9,314.0,2.9,99.0,NULL,NULL,7.7,7.6,7.2,NULL),('9244X','2019-05-17 06:00:00',5.4,1.1,327.0,1.6,99.0,NULL,NULL,8.3,8.3,7.7,NULL),('9244X','2019-05-17 07:00:00',4.9,1.5,327.0,1.0,99.0,NULL,NULL,8.8,8.8,8.2,NULL),('9244X','2019-05-17 08:00:00',4.6,1.8,331.0,0.6,99.0,NULL,NULL,9.1,8.9,8.6,NULL),('9244X','2019-05-17 09:00:00',9.5,4.1,329.0,1.2,99.0,NULL,NULL,9.2,8.8,8.7,NULL),('9244X','2019-05-17 10:00:00',9.9,4.2,329.0,0.0,97.0,NULL,NULL,9.4,9.3,8.4,NULL),('9244X','2019-05-17 11:00:00',11.8,5.8,322.0,0.0,86.0,NULL,NULL,10.0,9.8,9.2,NULL),('9244X','2019-05-17 12:00:00',12.5,5.3,330.0,0.0,82.0,NULL,NULL,10.3,10.0,9.6,NULL),('9244X','2019-05-17 13:00:00',10.8,4.4,321.0,0.0,80.0,NULL,NULL,11.0,10.6,9.9,NULL),('9263X','2019-04-08 15:00:00',5.1,1.8,24.0,0.0,74.0,NULL,NULL,12.3,11.4,11.1,NULL),('9263X','2019-04-08 16:00:00',5.1,1.7,84.0,0.0,74.0,NULL,NULL,11.9,10.7,10.7,NULL),('9263X','2019-04-08 17:00:00',2.4,0.1,25.0,0.0,83.0,NULL,NULL,10.8,8.4,8.4,NULL),('9263X','2019-04-08 18:00:00',2.4,0.4,111.0,0.0,92.0,NULL,NULL,8.4,6.8,6.8,NULL),('9263X','2019-04-08 19:00:00',2.8,0.1,178.0,0.0,94.0,NULL,NULL,6.9,5.9,5.7,NULL),('9263X','2019-04-08 20:00:00',2.9,1.2,69.0,0.0,97.0,NULL,NULL,6.5,5.7,5.7,NULL),('9263X','2019-04-08 21:00:00',1.9,0.1,203.0,0.0,99.0,NULL,NULL,5.8,5.2,5.0,NULL),('9263X','2019-04-08 22:00:00',2.1,1.0,92.0,0.0,99.0,NULL,NULL,5.2,4.2,4.1,NULL),('9263X','2019-04-08 23:00:00',2.4,0.1,178.0,0.0,99.0,NULL,NULL,4.4,3.7,3.7,NULL),('9263X','2019-04-09 00:00:00',2.0,0.7,106.0,0.0,99.0,NULL,NULL,3.8,2.9,2.9,NULL),('9263X','2019-04-09 01:00:00',2.1,1.2,84.0,0.0,99.0,NULL,NULL,3.1,2.6,2.6,NULL),('9263X','2019-04-09 02:00:00',1.7,0.5,131.0,0.0,99.0,NULL,NULL,3.0,2.1,2.1,NULL),('9263X','2019-04-09 03:00:00',2.4,1.7,84.0,0.0,99.0,NULL,NULL,3.1,2.9,2.1,NULL),('9263X','2019-04-09 04:00:00',2.7,1.6,92.0,0.0,99.0,NULL,NULL,3.2,3.0,2.5,NULL),('9263X','2019-04-09 05:00:00',2.7,0.7,123.0,0.0,96.0,NULL,NULL,4.9,4.9,3.0,NULL),('9263X','2019-04-09 06:00:00',3.1,1.5,274.0,0.0,73.0,NULL,NULL,9.2,9.2,5.0,NULL),('9263X','2019-04-09 07:00:00',4.2,1.8,281.0,0.0,68.0,NULL,NULL,10.6,10.4,9.3,NULL),('9263X','2019-04-09 08:00:00',7.5,2.8,256.0,0.0,65.0,NULL,NULL,11.6,11.3,10.3,NULL),('9263X','2019-04-09 09:00:00',7.4,2.1,288.0,0.0,62.0,NULL,NULL,13.0,13.0,11.5,NULL),('9263X','2019-04-09 10:00:00',8.5,2.9,285.0,0.0,59.0,NULL,NULL,13.3,13.2,12.2,NULL),('9263X','2019-04-09 11:00:00',6.0,1.6,291.0,0.0,56.0,NULL,NULL,14.2,13.2,13.0,NULL),('9263X','2019-04-09 12:00:00',6.6,2.9,7.0,0.0,53.0,NULL,NULL,14.3,13.8,12.5,NULL),('9263X','2019-04-09 13:00:00',5.2,0.6,203.0,0.0,62.0,NULL,NULL,14.7,12.8,12.3,NULL),('9263X','2019-04-09 14:00:00',3.1,1.3,259.0,0.0,57.0,NULL,NULL,14.3,12.8,12.6,NULL),('9263X','2019-04-09 15:00:00',4.7,2.3,290.0,0.0,66.0,NULL,NULL,12.9,11.1,11.1,NULL),('9263X','2019-04-09 16:00:00',7.5,3.7,326.0,0.9,91.0,NULL,NULL,11.2,8.4,8.4,NULL),('9263X','2019-04-09 17:00:00',5.4,1.3,320.0,3.3,94.0,NULL,NULL,8.2,7.3,7.3,NULL),('9263X','2019-04-09 18:00:00',2.5,0.2,35.0,1.9,95.0,NULL,NULL,7.3,6.9,6.9,NULL),('9263X','2019-04-09 19:00:00',1.5,0.4,235.0,1.5,98.0,NULL,NULL,7.1,7.0,6.8,NULL),('9263X','2019-04-09 20:00:00',1.7,0.3,164.0,0.2,99.0,NULL,NULL,7.0,6.8,6.7,NULL),('9263X','2019-04-09 21:00:00',1.0,0.2,322.0,0.0,99.0,NULL,NULL,6.9,6.7,6.6,NULL),('9263X','2019-04-09 22:00:00',1.7,0.5,79.0,0.0,99.0,NULL,NULL,6.7,6.4,6.3,NULL),('9263X','2019-04-09 23:00:00',0.7,0.0,176.0,0.0,99.0,NULL,NULL,6.4,6.2,6.1,NULL),('9263X','2019-04-10 00:00:00',0.9,0.0,0.0,0.0,99.0,NULL,NULL,6.2,6.0,6.0,NULL),('9263X','2019-04-10 01:00:00',0.8,0.1,115.0,0.0,99.0,NULL,NULL,6.0,5.3,5.3,NULL),('9263X','2019-04-10 02:00:00',1.0,0.1,111.0,0.0,99.0,NULL,NULL,5.4,5.2,5.2,NULL),('9263X','2019-04-10 03:00:00',1.2,0.4,237.0,0.0,99.0,NULL,NULL,5.6,5.6,5.2,NULL),('9263X','2019-04-10 04:00:00',0.8,0.3,82.0,0.0,99.0,NULL,NULL,5.6,5.3,5.2,NULL),('9263X','2019-04-10 05:00:00',1.5,0.2,321.0,0.0,99.0,NULL,NULL,5.7,5.7,5.2,NULL),('9263X','2019-04-10 06:00:00',2.7,0.8,223.0,0.0,99.0,NULL,NULL,6.5,6.4,5.7,NULL),('9263X','2019-04-10 07:00:00',4.3,2.0,357.0,0.0,92.0,NULL,NULL,8.2,8.2,6.5,NULL),('9263X','2019-04-10 08:00:00',5.8,2.7,358.0,0.0,82.0,NULL,NULL,9.3,8.7,8.2,NULL),('9263X','2019-04-10 09:00:00',6.6,2.0,0.0,0.0,76.0,NULL,NULL,10.2,10.0,8.7,NULL),('9263X','2019-04-10 10:00:00',6.1,2.8,56.0,0.0,64.0,NULL,NULL,12.0,11.2,10.0,NULL),('9263X','2019-04-10 11:00:00',7.7,4.3,347.0,0.0,64.0,NULL,NULL,12.4,12.2,10.9,NULL),('9263X','2019-04-10 12:00:00',7.9,3.3,41.0,0.0,65.0,NULL,NULL,12.3,10.9,10.7,NULL),('9263X','2019-04-10 13:00:00',7.0,3.0,356.0,0.0,62.0,NULL,NULL,11.9,11.8,10.6,NULL),('9263X','2019-04-10 14:00:00',9.0,3.5,35.0,0.0,61.0,NULL,NULL,12.6,10.9,10.9,NULL),('9263X','2019-04-10 15:00:00',9.2,4.4,53.0,0.0,61.0,NULL,NULL,11.3,10.5,10.4,NULL),('9263X','2019-04-10 16:00:00',8.0,3.1,356.0,0.0,68.0,NULL,NULL,10.9,10.1,10.1,NULL),('9263X','2019-04-10 17:00:00',6.3,2.6,343.0,0.0,75.0,NULL,NULL,10.2,8.3,8.3,NULL),('9263X','2019-04-10 18:00:00',6.8,2.1,353.0,0.0,74.0,NULL,NULL,8.4,7.6,7.5,NULL),('9263X','2019-04-10 19:00:00',4.2,0.3,241.0,0.0,84.0,NULL,NULL,7.6,6.0,5.9,NULL),('9263X','2019-04-10 20:00:00',1.3,0.3,152.0,0.0,93.0,NULL,NULL,5.9,5.6,5.2,NULL),('9263X','2019-04-10 21:00:00',1.4,0.2,148.0,0.0,96.0,NULL,NULL,6.1,6.1,5.6,NULL),('9263X','2019-04-10 22:00:00',1.1,0.1,178.0,0.0,98.0,NULL,NULL,6.1,6.1,5.6,NULL),('9263X','2019-04-10 23:00:00',1.5,0.2,123.0,0.0,99.0,NULL,NULL,6.2,5.5,5.5,NULL),('9263X','2019-04-11 00:00:00',1.3,0.6,73.0,0.0,99.0,NULL,NULL,5.6,5.4,5.0,NULL),('9263X','2019-04-11 01:00:00',1.2,0.2,81.0,0.0,99.0,NULL,NULL,5.4,4.9,4.7,NULL),('9263X','2019-04-11 02:00:00',4.0,1.2,330.0,0.0,99.0,NULL,NULL,5.9,5.8,4.9,NULL),('9263X','2019-04-11 03:00:00',2.2,1.3,251.0,0.0,99.0,NULL,NULL,5.9,5.2,5.2,NULL),('9263X','2019-04-11 04:00:00',1.9,1.0,215.0,0.0,99.0,NULL,NULL,5.4,5.0,4.7,NULL),('9263X','2019-04-11 05:00:00',1.2,0.0,236.0,0.0,99.0,NULL,NULL,5.7,5.6,4.9,NULL),('9263X','2019-04-11 06:00:00',1.9,1.1,264.0,0.1,99.0,NULL,NULL,6.4,6.4,5.6,NULL),('9263X','2019-04-11 07:00:00',7.5,3.2,344.0,0.0,95.0,NULL,NULL,8.0,8.0,6.3,NULL),('9263X','2019-04-11 08:00:00',6.6,3.8,341.0,0.0,83.0,NULL,NULL,9.1,8.9,7.7,NULL),('9263X','2019-04-11 09:00:00',7.3,3.9,1.0,0.0,80.0,NULL,NULL,9.2,8.7,8.3,NULL),('9263X','2019-04-11 10:00:00',10.4,4.0,340.0,0.0,77.0,NULL,NULL,10.6,10.4,8.7,NULL),('9263X','2019-04-11 11:00:00',8.1,4.4,338.0,0.0,76.0,NULL,NULL,10.3,9.9,9.7,NULL),('9263X','2019-04-11 15:00:00',6.6,2.1,341.0,0.4,86.0,NULL,NULL,9.8,8.9,8.4,NULL),('9263X','2019-04-11 16:00:00',8.7,2.8,350.0,0.0,82.0,NULL,NULL,9.2,8.6,8.5,NULL),('9263X','2019-04-11 17:00:00',6.5,2.8,352.0,0.0,77.0,NULL,NULL,8.6,7.6,7.6,NULL),('9263X','2019-04-11 18:00:00',4.7,2.0,327.0,0.0,83.0,NULL,NULL,7.7,6.9,6.9,NULL),('9263X','2019-04-11 19:00:00',4.7,2.6,332.0,0.0,87.0,NULL,NULL,7.3,7.3,6.8,NULL),('9263X','2019-04-11 20:00:00',6.5,3.3,5.0,0.0,85.0,NULL,NULL,7.9,7.8,7.2,NULL),('9263X','2019-04-11 21:00:00',5.5,2.4,358.0,0.0,85.0,NULL,NULL,8.0,7.8,7.7,NULL),('9263X','2019-04-11 22:00:00',5.1,2.8,357.0,0.0,87.0,NULL,NULL,7.9,7.7,7.7,NULL),('9263X','2019-04-11 23:00:00',5.2,1.4,351.0,0.0,86.0,NULL,NULL,7.9,7.8,7.7,NULL),('9263X','2019-04-12 00:00:00',4.4,2.2,357.0,0.0,87.0,NULL,NULL,7.8,7.6,7.5,NULL),('9263X','2019-04-12 01:00:00',5.2,1.8,11.0,0.0,87.0,NULL,NULL,7.6,7.3,7.1,NULL),('9263X','2019-04-12 02:00:00',5.0,2.6,5.0,0.0,87.0,NULL,NULL,7.6,7.5,7.1,NULL),('9263X','2019-04-12 03:00:00',6.8,2.7,12.0,0.0,86.0,NULL,NULL,7.6,7.1,7.1,NULL),('9263X','2019-04-12 04:00:00',5.3,2.3,12.0,0.0,85.0,NULL,NULL,7.2,6.6,6.6,NULL),('9263X','2019-04-12 05:00:00',5.5,0.8,347.0,0.0,83.0,NULL,NULL,7.5,7.5,6.7,NULL),('9263X','2019-04-12 06:00:00',4.2,1.3,348.0,0.0,80.0,NULL,NULL,8.5,8.5,7.5,NULL),('9263X','2019-04-12 07:00:00',7.7,3.4,34.0,0.0,64.0,NULL,NULL,10.0,9.8,8.3,NULL),('9263X','2019-04-12 08:00:00',9.3,3.4,16.0,0.0,60.0,NULL,NULL,10.7,10.6,9.6,NULL),('9263X','2019-04-12 09:00:00',8.2,3.2,30.0,0.0,61.0,NULL,NULL,11.3,10.9,10.2,NULL),('9263X','2019-04-12 10:00:00',8.4,3.1,37.0,0.0,55.0,NULL,NULL,12.5,11.9,11.0,NULL),('9263X','2019-04-12 11:00:00',9.1,4.2,359.0,0.0,52.0,NULL,NULL,13.4,12.9,11.9,NULL),('9263X','2019-04-12 12:00:00',9.1,3.1,48.0,0.0,53.0,NULL,NULL,13.8,12.9,12.5,NULL),('9263X','2019-04-12 13:00:00',8.1,2.4,32.0,0.0,53.0,NULL,NULL,14.1,13.7,12.8,NULL),('9263X','2019-04-12 14:00:00',9.2,3.8,49.0,0.0,52.0,NULL,NULL,13.8,12.6,12.6,NULL),('9263X','2019-04-12 15:00:00',8.5,3.4,65.0,0.0,53.0,NULL,NULL,13.2,11.9,11.8,NULL),('9263X','2019-04-12 16:00:00',9.5,2.3,34.0,0.0,56.0,NULL,NULL,12.5,11.1,11.0,NULL),('9263X','2019-04-14 13:00:00',8.5,3.8,2.0,0.0,64.0,NULL,NULL,19.3,17.6,17.5,NULL),('9263X','2019-04-14 14:00:00',7.1,2.3,2.0,0.0,67.0,NULL,NULL,17.5,16.7,16.7,NULL),('9263X','2019-04-14 15:00:00',6.8,2.7,19.0,0.0,76.0,NULL,NULL,16.7,15.9,15.5,NULL),('9263X','2019-04-14 16:00:00',6.4,1.9,319.0,0.0,79.0,NULL,NULL,16.1,15.4,15.4,NULL),('9263X','2019-04-14 17:00:00',3.5,0.8,101.0,0.0,89.0,NULL,NULL,15.3,12.9,12.8,NULL),('9263X','2019-04-14 18:00:00',2.2,0.5,164.0,0.0,95.0,NULL,NULL,12.8,11.7,11.1,NULL),('9263X','2019-04-14 19:00:00',3.0,0.8,99.0,0.0,97.0,NULL,NULL,11.6,10.2,10.2,NULL),('9263X','2019-04-14 20:00:00',2.5,1.6,87.0,0.0,98.0,NULL,NULL,10.4,9.8,9.6,NULL),('9263X','2019-04-14 21:00:00',2.7,0.9,67.0,0.0,98.0,NULL,NULL,10.0,9.5,9.4,NULL),('9263X','2019-04-14 22:00:00',2.4,0.7,103.0,0.0,99.0,NULL,NULL,9.6,9.4,8.9,NULL),('9263X','2019-04-14 23:00:00',3.1,0.7,105.0,0.0,98.0,NULL,NULL,10.7,10.1,9.0,NULL),('9263X','2019-04-15 00:00:00',4.5,0.6,219.0,0.0,94.0,NULL,NULL,11.3,10.8,9.7,NULL),('9263X','2019-04-15 01:00:00',5.6,1.1,182.0,0.0,98.0,NULL,NULL,11.4,9.4,8.7,NULL),('9263X','2019-04-15 02:00:00',4.8,0.9,85.0,0.0,97.0,NULL,NULL,10.2,8.7,8.7,NULL),('9263X','2019-04-15 03:00:00',3.0,0.2,323.0,0.0,99.0,NULL,NULL,9.1,8.2,8.1,NULL),('9263X','2019-04-15 04:00:00',4.9,0.4,183.0,0.0,95.0,NULL,NULL,10.1,10.0,8.1,NULL),('9263X','2019-04-15 05:00:00',6.2,4.1,125.0,0.0,87.0,NULL,NULL,10.9,10.9,10.0,NULL),('9263X','2019-04-15 06:00:00',4.9,0.2,247.0,0.0,85.0,NULL,NULL,13.0,13.0,11.1,NULL),('9263X','2019-04-15 07:00:00',7.6,2.1,157.0,0.0,67.0,NULL,NULL,16.1,16.1,12.7,NULL),('9263X','2019-04-15 08:00:00',9.2,2.8,139.0,0.0,63.0,NULL,NULL,17.0,16.8,16.2,NULL),('9263X','2019-04-15 09:00:00',10.3,4.5,162.0,0.0,60.0,NULL,NULL,18.5,18.5,16.8,NULL),('9263X','2019-04-15 10:00:00',9.5,3.8,179.0,0.0,56.0,NULL,NULL,19.4,19.2,18.3,NULL),('9263X','2019-04-15 11:00:00',9.3,4.8,171.0,0.0,51.0,NULL,NULL,20.7,20.1,19.2,NULL),('9263X','2019-04-15 12:00:00',11.4,4.3,166.0,0.0,52.0,NULL,NULL,20.6,20.3,19.8,NULL),('9263X','2019-04-15 13:00:00',9.9,5.0,168.0,0.0,49.0,NULL,NULL,20.8,20.3,20.1,NULL),('9263X','2019-04-15 14:00:00',11.3,5.0,167.0,0.0,49.0,NULL,NULL,21.8,19.9,19.9,NULL),('9263X','2019-04-15 15:00:00',9.4,2.4,147.0,2.0,71.0,NULL,NULL,20.0,16.6,16.1,NULL),('9263X','2019-04-28 17:00:00',5.6,2.2,57.0,0.0,66.0,NULL,NULL,13.7,11.7,11.7,NULL),('9263X','2019-04-28 18:00:00',5.9,2.4,55.0,0.0,73.0,NULL,NULL,11.7,10.4,10.4,NULL),('9263X','2019-04-28 19:00:00',7.3,1.6,51.0,0.0,76.0,NULL,NULL,10.7,9.8,9.8,NULL),('9263X','2019-04-28 20:00:00',2.8,0.4,236.0,0.0,87.0,NULL,NULL,9.9,7.7,7.6,NULL),('9263X','2019-04-28 21:00:00',1.6,0.3,185.0,0.0,93.0,NULL,NULL,7.7,6.6,6.6,NULL),('9263X','2019-04-28 22:00:00',2.0,0.1,133.0,0.0,96.0,NULL,NULL,7.0,5.1,5.1,NULL),('9263X','2019-04-28 23:00:00',1.5,0.7,116.0,0.0,99.0,NULL,NULL,5.4,4.3,4.3,NULL),('9263X','2019-04-29 00:00:00',1.5,0.7,86.0,0.0,99.0,NULL,NULL,4.5,3.9,3.7,NULL),('9263X','2019-04-29 01:00:00',1.8,1.2,74.0,0.0,99.0,NULL,NULL,4.0,3.7,3.3,NULL),('9263X','2019-04-29 02:00:00',2.5,1.1,90.0,0.0,99.0,NULL,NULL,4.2,3.7,3.5,NULL),('9263X','2019-04-29 03:00:00',2.0,0.5,127.0,0.0,99.0,NULL,NULL,3.8,3.5,3.3,NULL),('9263X','2019-04-29 04:00:00',1.6,0.8,107.0,0.0,99.0,NULL,NULL,4.2,4.1,3.3,NULL),('9263X','2019-04-29 05:00:00',2.1,0.1,270.0,0.0,99.0,NULL,NULL,7.5,7.5,4.0,NULL),('9263X','2019-04-29 06:00:00',2.9,1.2,254.0,0.0,87.0,NULL,NULL,9.8,9.8,7.5,NULL),('9263X','2019-04-29 07:00:00',3.1,1.0,203.0,0.0,79.0,NULL,NULL,11.9,11.9,9.8,NULL),('9263X','2019-04-29 08:00:00',3.4,2.0,260.0,0.0,70.0,NULL,NULL,14.1,14.0,11.6,NULL),('9263X','2019-04-29 09:00:00',5.1,2.9,292.0,0.0,60.0,NULL,NULL,17.0,17.0,13.9,NULL),('9263X','2019-04-29 10:00:00',6.9,2.1,320.0,0.0,53.0,NULL,NULL,18.7,18.7,16.9,NULL),('9263X','2019-04-29 11:00:00',5.7,3.4,330.0,0.0,50.0,NULL,NULL,19.8,19.7,18.7,NULL),('9263X','2019-04-29 12:00:00',7.4,3.3,330.0,0.0,NULL,NULL,NULL,NULL,NULL,NULL,NULL),('9263X','2019-04-29 13:00:00',6.5,3.5,340.0,0.0,48.0,NULL,NULL,20.5,18.8,18.6,NULL),('9263X','2019-04-29 14:00:00',7.3,3.1,341.0,0.0,46.0,NULL,NULL,20.4,20.3,18.7,NULL),('9263X','2019-04-29 15:00:00',5.8,2.4,49.0,0.0,52.0,NULL,NULL,20.3,18.7,18.6,NULL),('9263X','2019-04-29 16:00:00',6.5,2.3,57.0,0.0,54.0,NULL,NULL,18.6,16.9,16.9,NULL),('9263X','2019-05-01 14:00:00',8.7,4.1,2.0,0.0,59.0,NULL,NULL,17.9,16.4,16.4,NULL),('9263X','2019-05-01 15:00:00',7.7,2.6,356.0,0.0,62.0,NULL,NULL,16.5,16.1,14.8,NULL),('9263X','2019-05-01 16:00:00',8.6,5.0,331.0,0.0,72.0,NULL,NULL,16.1,13.2,13.2,NULL),('9263X','2019-05-01 17:00:00',6.6,2.8,336.0,0.0,78.0,NULL,NULL,13.2,12.0,11.9,NULL),('9263X','2019-05-01 18:00:00',5.3,2.7,340.0,0.0,80.0,NULL,NULL,11.9,11.2,11.2,NULL),('9263X','2019-05-01 19:00:00',7.1,2.5,335.0,0.0,84.0,NULL,NULL,11.2,10.8,10.7,NULL),('9263X','2019-05-01 20:00:00',5.0,2.6,326.0,0.0,85.0,NULL,NULL,10.8,10.4,10.4,NULL),('9263X','2019-05-01 21:00:00',4.9,2.6,330.0,0.0,85.0,NULL,NULL,10.4,10.0,10.0,NULL),('9263X','2019-05-01 22:00:00',4.8,1.5,320.0,0.0,87.0,NULL,NULL,10.0,9.6,9.5,NULL),('9263X','2019-05-01 23:00:00',2.6,0.3,317.0,0.0,91.0,NULL,NULL,9.5,8.4,8.4,NULL),('9263X','2019-05-02 00:00:00',1.6,0.1,190.0,0.0,95.0,NULL,NULL,8.4,7.9,7.7,NULL),('9263X','2019-05-02 01:00:00',1.7,0.2,260.0,0.0,96.0,NULL,NULL,8.6,8.6,7.9,NULL),('9263X','2019-05-02 02:00:00',2.4,0.7,350.0,0.0,92.0,NULL,NULL,9.3,9.3,8.5,NULL),('9263X','2019-05-02 03:00:00',4.3,1.1,356.0,0.0,89.0,NULL,NULL,9.5,9.4,9.3,NULL),('9263X','2019-05-02 04:00:00',2.7,0.3,155.0,0.0,91.0,NULL,NULL,9.4,8.5,8.5,NULL),('9263X','2019-05-02 05:00:00',2.3,1.2,305.0,0.0,90.0,NULL,NULL,9.8,9.8,8.1,NULL),('9263X','2019-05-02 06:00:00',5.2,3.4,330.0,0.0,84.0,NULL,NULL,11.1,11.0,9.9,NULL),('9263X','2019-05-02 07:00:00',6.3,2.7,356.0,0.0,80.0,NULL,NULL,12.1,12.1,11.1,NULL),('9263X','2019-05-02 08:00:00',6.7,3.5,0.0,0.0,74.0,NULL,NULL,13.6,12.2,12.0,NULL),('9263X','2019-05-02 09:00:00',7.3,2.8,16.0,0.0,76.0,NULL,NULL,12.8,11.6,11.6,NULL),('9263X','2019-05-02 10:00:00',8.4,4.2,353.0,0.0,72.0,NULL,NULL,13.6,12.5,11.8,NULL),('9263X','2019-05-02 11:00:00',7.5,2.4,29.0,0.0,70.0,NULL,NULL,13.3,12.8,12.0,NULL),('9263X','2019-05-02 12:00:00',7.9,3.9,355.0,0.0,71.0,NULL,NULL,13.3,12.4,12.3,NULL),('9263X','2019-05-02 13:00:00',8.4,3.5,358.0,0.0,71.0,NULL,NULL,13.3,11.9,11.7,NULL),('9263X','2019-05-02 14:00:00',7.7,3.5,356.0,0.0,68.0,NULL,NULL,12.9,12.3,11.8,NULL),('9263X','2019-05-16 14:00:00',8.0,3.9,359.0,0.0,57.0,NULL,NULL,23.8,20.6,20.5,NULL),('9263X','2019-05-16 15:00:00',8.0,4.1,305.0,0.0,73.0,NULL,NULL,20.3,16.1,16.0,NULL),('9263X','2019-05-16 16:00:00',8.0,2.0,305.0,0.0,84.0,NULL,NULL,16.0,13.4,13.4,NULL),('9263X','2019-05-16 17:00:00',6.2,2.2,328.0,0.0,89.0,NULL,NULL,13.4,12.4,12.4,NULL),('9263X','2019-05-16 18:00:00',4.9,2.6,331.0,2.4,96.0,NULL,NULL,12.5,11.6,11.6,NULL),('9263X','2019-05-16 19:00:00',5.0,2.8,294.0,2.8,99.0,NULL,NULL,11.6,11.0,11.0,NULL),('9263X','2019-05-16 20:00:00',4.3,1.8,278.0,0.8,99.0,NULL,NULL,11.2,11.1,10.9,NULL),('9263X','2019-05-16 21:00:00',3.4,1.7,335.0,2.0,99.0,NULL,NULL,11.1,10.9,10.8,NULL),('9263X','2019-05-16 22:00:00',7.3,2.7,324.0,2.4,98.0,NULL,NULL,10.9,10.2,10.2,NULL),('9263X','2019-05-16 23:00:00',9.1,2.7,315.0,8.1,99.0,NULL,NULL,10.2,8.8,8.7,NULL),('9263X','2019-05-17 00:00:00',6.4,1.8,294.0,3.7,99.0,NULL,NULL,8.8,8.5,8.4,NULL),('9263X','2019-05-17 01:00:00',4.4,2.2,291.0,2.2,99.0,NULL,NULL,8.7,8.6,8.4,NULL),('9263X','2019-05-17 02:00:00',3.6,1.0,326.0,3.9,99.0,NULL,NULL,8.6,8.2,8.1,NULL),('9263X','2019-05-17 03:00:00',3.6,1.6,321.0,3.3,99.0,NULL,NULL,8.4,8.2,8.1,NULL),('9263X','2019-05-17 04:00:00',2.5,1.3,290.0,1.4,99.0,NULL,NULL,8.4,8.4,8.1,NULL),('9263X','2019-05-17 05:00:00',2.4,1.4,247.0,1.9,99.0,NULL,NULL,8.6,8.6,8.3,NULL),('9263X','2019-05-17 06:00:00',3.3,1.4,277.0,1.1,99.0,NULL,NULL,8.8,8.8,8.5,NULL),('9263X','2019-05-17 07:00:00',4.1,1.6,311.0,0.4,99.0,NULL,NULL,9.7,9.7,8.8,NULL),('9263X','2019-05-17 08:00:00',5.3,2.7,333.0,0.1,98.0,NULL,NULL,9.8,9.5,9.4,NULL),('9263X','2019-05-17 09:00:00',7.3,4.2,331.0,0.8,95.0,NULL,NULL,9.6,9.5,9.0,NULL),('9263X','2019-05-17 10:00:00',7.1,2.2,316.0,0.0,92.0,NULL,NULL,10.0,9.8,9.4,NULL),('9263X','2019-05-17 11:00:00',6.5,2.7,12.0,0.0,83.0,NULL,NULL,10.8,10.6,9.6,NULL),('9263X','2019-05-17 12:00:00',5.5,2.2,328.0,0.7,94.0,NULL,NULL,10.7,9.9,9.6,NULL),('9263X','2019-05-17 13:00:00',4.7,2.1,332.0,0.2,95.0,NULL,NULL,10.1,9.9,9.7,NULL);
/*!40000 ALTER TABLE `MEDICION` ENABLE KEYS */;
UNLOCK TABLES;

--
-- Table structure for table `PROVINCIA`
--

DROP TABLE IF EXISTS `PROVINCIA`;
/*!40101 SET @saved_cs_client     = @@character_set_client */;
/*!40101 SET character_set_client = utf8 */;
CREATE TABLE `PROVINCIA` (
  `idProvincia` tinyint(4) NOT NULL AUTO_INCREMENT,
  `nombre` varchar(30) NOT NULL,
  PRIMARY KEY (`idProvincia`)
) ENGINE=InnoDB AUTO_INCREMENT=53 DEFAULT CHARSET=latin1;
/*!40101 SET character_set_client = @saved_cs_client */;

--
-- Dumping data for table `PROVINCIA`
--

LOCK TABLES `PROVINCIA` WRITE;
/*!40000 ALTER TABLE `PROVINCIA` DISABLE KEYS */;
INSERT INTO `PROVINCIA` VALUES (1,'A CORUÑA'),(2,'ALBACETE'),(3,'ALICANTE'),(4,'ALMERIA'),(5,'ARABA/ALAVA'),(6,'ASTURIAS'),(7,'AVILA'),(8,'BADAJOZ'),(9,'BARCELONA'),(10,'BIZKAIA'),(11,'BURGOS'),(12,'CACERES'),(13,'CADIZ'),(14,'CANTABRIA'),(15,'CASTELLON'),(16,'CEUTA'),(17,'CIUDAD REAL'),(18,'CORDOBA'),(19,'CUENCA'),(20,'GIPUZKOA'),(21,'GIRONA'),(22,'GRANADA'),(23,'GUADALAJARA'),(24,'HUELVA'),(25,'HUESCA'),(26,'ILLES BALEARS'),(27,'JAEN'),(28,'LA RIOJA'),(29,'LAS PALMAS'),(30,'LEON'),(31,'LLEIDA'),(32,'LUGO'),(33,'MADRID'),(34,'MALAGA'),(35,'MELILLA'),(36,'MURCIA'),(37,'NAVARRA'),(38,'OURENSE'),(39,'PALENCIA'),(40,'PONTEVEDRA'),(41,'SALAMANCA'),(42,'SEGOVIA'),(43,'SEVILLA'),(44,'SORIA'),(45,'STA. CRUZ DE TENERIFE'),(46,'TARRAGONA'),(47,'TERUEL'),(48,'TOLEDO'),(49,'VALENCIA'),(50,'VALLADOLID'),(51,'ZAMORA'),(52,'ZARAGOZA');
/*!40000 ALTER TABLE `PROVINCIA` ENABLE KEYS */;
UNLOCK TABLES;
/*!40103 SET TIME_ZONE=@OLD_TIME_ZONE */;

/*!40101 SET SQL_MODE=@OLD_SQL_MODE */;
/*!40014 SET FOREIGN_KEY_CHECKS=@OLD_FOREIGN_KEY_CHECKS */;
/*!40014 SET UNIQUE_CHECKS=@OLD_UNIQUE_CHECKS */;
/*!40101 SET CHARACTER_SET_CLIENT=@OLD_CHARACTER_SET_CLIENT */;
/*!40101 SET CHARACTER_SET_RESULTS=@OLD_CHARACTER_SET_RESULTS */;
/*!40101 SET COLLATION_CONNECTION=@OLD_COLLATION_CONNECTION */;
/*!40111 SET SQL_NOTES=@OLD_SQL_NOTES */;

-- Dump completed on 2019-05-17 18:51:24
